"EVID ID","Filename","Raw URL"
"EVID-001","241016-residential-rental-agreement-1803-243-franklin-st.pdf","https://raw.githubusercontent.com/ck999kk/All_Events/3d5af32eed007ba3a748d8f198bd42fbd221a6e7/241016-residential-rental-agreement-1803-243-franklin-st.pdf"
"EVID-002","250207 - Welcome to Areal Property Your New Property Management Team - bNDbxXBbQNSd_b8rglR2pg@geopod-ismtpd-9.pdf","https://raw.githubusercontent.com/ck999kk/All_Events/3d5af32eed007ba3a748d8f198bd42fbd221a6e7/250207%20-%20Welcome%20to%20Areal%20Property%20%20Your%20New%20Property%20Management%20Team%20-%20bNDbxXBbQNSd_b8rglR2pg@geopod-ismtpd-9.pdf"
"EVID-003","250207-Emergency Maintenance Trades Contact List Hawthorn.pdf","https://raw.githubusercontent.com/ck999kk/All_Events/3d5af32eed007ba3a748d8f198bd42fbd221a6e7/250207-Emergency%20Maintenance%20Trades%20Contact%20List%20Hawthorn.pdf"
"EVID-004","250225 - Receipt of payment for 1803_243 Franklin St, Melbourne VIC 3000 - VvSmC2yFSZCtbt6d7NnvMw@geopod-ismtpd-7.pdf","https://raw.githubusercontent.com/ck999kk/All_Events/3d5af32eed007ba3a748d8f198bd42fbd221a6e7/250225%20-%20Receipt%20of%20payment%20for%201803_243%20Franklin%20St%2C%20Melbourne%20VIC%203000%20-%20VvSmC2yFSZCtbt6d7NnvMw%40geopod-ismtpd-7.pdf"
"EVID-005","250225-Receipt # 85835.pdf","https://raw.githubusercontent.com/ck999kk/All_Events/3d5af32eed007ba3a748d8f198bd42fbd221a6e7/250225-Receipt%20%23%2085835.pdf"
"EVID-006","250325 - Areal monthly after-hours trades list update - TdVM09MYTMK3NYfff3Ex7g@geopod-ismtpd-9.pdf","https://raw.githubusercontent.com/ck999kk/All_Events/3d5af32eed007ba3a748d8f198bd42fbd221a6e7/250325%20-%20Areal%20monthly%20after-hours%20trades%20list%20update%20-%20TdVM09MYTMK3NYfff3Ex7g@geopod-ismtpd-9.pdf"
"EVID-007","250325 - Receipt of payment for 1803_243 Franklin St, Melbourne VIC 3000 - rAeUl6dhT1Kyd4D9Bf1uPA@geopod-ismtpd-canary-0.pdf","https://raw.githubusercontent.com/ck999kk/All_Events/3d5af32eed007ba3a748d8f198bd42fbd221a6e7/250325%20-%20Receipt%20of%20payment%20for%201803_243%20Franklin%20St%2C%20Melbourne%20VIC%203000%20-%20rAeUl6dhT1Kyd4D9Bf1uPA%40geopod-ismtpd-canary-0.pdf"
"EVID-008","250325-Receipt # 87045.pdf","https://raw.githubusercontent.com/ck999kk/All_Events/3d5af32eed007ba3a748d8f198bd42fbd221a6e7/250325-Receipt%20%23%2087045.pdf"
"EVID-009","250401 - Areal monthly after-hours trades list update - LLE5QLN0R5uOai57XEw_3g@geopod-ismtpd-0.pdf","https://raw.githubusercontent.com/ck999kk/All_Events/3d5af32eed007ba3a748d8f198bd42fbd221a6e7/250401%20-%20Areal%20monthly%20after-hours%20trades%20list%20update%20-%20LLE5QLN0R5uOai57XEw_3g@geopod-ismtpd-0.pdf"
"EVID-010","250402 - Non-Urgent Maintenance Request (1803_243 Franklin st) Broken Bed Frame with Exposed Nails - CAAV=8vuQy1pSm2ScC1ogch9EGCP0j-SKGhMosoqcUDhZHGiVaA@mail.gmail.com.pdf","https://raw.githubusercontent.com/ck999kk/All_Events/3d5af32eed007ba3a748d8f198bd42fbd221a6e7/250402%20-%20Non-Urgent%20Maintenance%20Request%20(1803_243%20Franklin%20st)%20%20Broken%20Bed%20Frame%20with%20Exposed%20Nails%20-%20CAAV=8vuQy1pSm2ScC1ogch9EGCP0j-SKGhMosoqcUDhZHGiVaA@mail.gmail.com.pdf"
"EVID-011","250408 - Fwd_ Non-Urgent Maintenance Request (1803_243 Franklin st) Broken Bed Frame with Exposed Nails - CAAV=8vsVTzDNHuSWuYORhKTzLEO4wb3vL8nQACRTOJfb-eCe0g@mail.gmail.com.pdf","https://raw.githubusercontent.com/ck999kk/All_Events/3d5af32eed007ba3a748d8f198bd42fbd221a6e7/250408%20-%20Fwd_%20Non-Urgent%20Maintenance%20Request%20(1803_243%20Franklin%20st)%20%20Broken%20Bed%20Frame%20with%20Exposed%20Nails%20-%20CAAV=8vsVTzDNHuSWuYORhKTzLEO4wb3vL8nQACRTOJfb-eCe0g@mail.gmail.com.pdf"
"EVID-012","250409 - Re_ Non-Urgent Maintenance Request (1803_243 Franklin st) Broken Bed Frame with Exposed Nails - ME3PR01MB824149B5C4234EB5E6A31C66DAB42@ME3PR01MB8241.ausprd01.prod.outlook.com.pdf","https://raw.githubusercontent.com/ck999kk/All_Events/3d5af32eed007ba3a748d8f198bd42fbd221a6e7/250409%20-%20Re_%20Non-Urgent%20Maintenance%20Request%20(1803_243%20Franklin%20st)%20%20Broken%20Bed%20Frame%20with%20Exposed%20Nails%20-%20ME3PR01MB824149B5C4234EB5E6A31C66DAB42@ME3PR01MB8241.ausprd01.prod.outlook.com.pdf"
"EVID-013","250416 - Re_ Urgent_ Water Damage on Bedroom Wall (Unit 1803) - CAAV=8vswkBjs+XG=uSswFDXRj_rQpDgF+FzAATG2ttMBP2V3NQ@mail.gmail.com.pdf","https://raw.githubusercontent.com/ck999kk/All_Events/3d5af32eed007ba3a748d8f198bd42fbd221a6e7/250416%20-%20Re_%20Urgent_%20Water%20Damage%20on%20Bedroom%20Wall%20(Unit%201803)%20-%20CAAV=8vswkBjs%2BXG=uSswFDXRj_rQpDgF%2BFzAATG2ttMBP2V3NQ@mail.gmail.com.pdf"
"EVID-014","250416 - Re_ Urgent_ Water Damage on Bedroom Wall (Unit 1803) - ME3PR01MB8241FBF8DF5E327065E1A1ABDABD2@ME3PR01MB8241.ausprd01.prod.outlook.com.pdf","https://raw.githubusercontent.com/ck999kk/All_Events/3d5af32eed007ba3a748d8f198bd42fbd221a6e7/250416%20-%20Re_%20Urgent_%20Water%20Damage%20on%20Bedroom%20Wall%20(Unit%201803)%20-%20ME3PR01MB8241FBF8DF5E327065E1A1ABDABD2@ME3PR01MB8241.ausprd01.prod.outlook.com.pdf"
"EVID-015","250416 - Urgent_ Water Damage on Bedroom Wall (Unit 1803) - CAAV=8vvZigwdNUxLOVCfHK69GhXfRTY1xxWoc3Xjv2d-Cm=h=g@mail.gmail.com.pdf","https://raw.githubusercontent.com/ck999kk/All_Events/3d5af32eed007ba3a748d8f198bd42fbd221a6e7/250416%20-%20Urgent_%20Water%20Damage%20on%20Bedroom%20Wall%20(Unit%201803)%20-%20CAAV=8vvZigwdNUxLOVCfHK69GhXfRTY1xxWoc3Xjv2d-Cm=h=g@mail.gmail.com.pdf"
"EVID-016","250420 - Automatic reply_ Urgent_ Water Damage on Bedroom Wall (Unit 1803) - c11f80d2d9e4469b8528334d20b3c4ce@ME3PR01MB8241.ausprd01.prod.outlook.com.pdf","https://raw.githubusercontent.com/ck999kk/All_Events/3d5af32eed007ba3a748d8f198bd42fbd221a6e7/250420%20-%20Automatic%20reply_%20Urgent_%20Water%20Damage%20on%20Bedroom%20Wall%20(Unit%201803)%20-%20c11f80d2d9e4469b8528334d20b3c4ce@ME3PR01MB8241.ausprd01.prod.outlook.com.pdf"
"EVID-017","250420 - Re_ Urgent_ Water Damage on Bedroom Wall (Unit 1803) - CAAV=8vvKRyv_a7aNhbgBu8oykp97_GS0DhmApYWHbfEzLjMtPA@mail.gmail.com.pdf","https://raw.githubusercontent.com/ck999kk/All_Events/3d5af32eed007ba3a748d8f198bd42fbd221a6e7/250420%20-%20Re_%20Urgent_%20Water%20Damage%20on%20Bedroom%20Wall%20(Unit%201803)%20-%20CAAV=8vvKRyv_a7aNhbgBu8oykp97_GS0DhmApYWHbfEzLjMtPA@mail.gmail.com.pdf"
"EVID-018","250423 - Receipt of payment for 1803_243 Franklin St, Melbourne VIC 3000 - xPWIuD6PSe6QEk9BCXegkw@geopod-ismtpd-11.pdf","https://raw.githubusercontent.com/ck999kk/All_Events/3d5af32eed007ba3a748d8f198bd42fbd221a6e7/250423%20-%20Receipt%20of%20payment%20for%201803_243%20Franklin%20St%2C%20Melbourne%20VIC%203000%20-%20xPWIuD6PSe6QEk9BCXegkw%40geopod-ismtpd-11.pdf"
"EVID-019","250423 - Second Follow-up_ Urgent Water Damage Escalation Immediate Action Required (Unit 1803) - CAAV=8vuh92vNwVdB0eqSAjKbk7cZHscd1fbYYjQwX4j6-2ehWg@mail.gmail.com.pdf","https://raw.githubusercontent.com/ck999kk/All_Events/3d5af32eed007ba3a748d8f198bd42fbd221a6e7/250423%20-%20Second%20Follow-up_%20Urgent%20Water%20Damage%20Escalation%20%20Immediate%20Action%20Required%20(Unit%201803)%20%20%20-%20CAAV=8vuh92vNwVdB0eqSAjKbk7cZHscd1fbYYjQwX4j6-2ehWg@mail.gmail.com.pdf"
"EVID-020","250423-Receipt # 88184.pdf","https://raw.githubusercontent.com/ck999kk/All_Events/3d5af32eed007ba3a748d8f198bd42fbd221a6e7/250423-Receipt%20%23%2088184.pdf"
"EVID-021","250424 - Re_ FW_ Second Follow-up_ Urgent Water Damage Escalation Immediate Action Required (Unit 1803) - XCpNOfqoQRSJkOVp4j_b-Q@geopod-ismtpd-6.pdf","https://raw.githubusercontent.com/ck999kk/All_Events/3d5af32eed007ba3a748d8f198bd42fbd221a6e7/250424%20-%20Re_%20FW_%20Second%20Follow-up_%20Urgent%20Water%20Damage%20Escalation%20%20Immediate%20Action%20Required%20(Unit%201803)%20-%20XCpNOfqoQRSJkOVp4j_b-Q@geopod-ismtpd-6.pdf"
"EVID-022","250424 - Routine inspection scheduled for 1803_243 Franklin St, Melbourne VIC 3000 - 6qnX7yw8R8eWzLZ6mPtgSQ@geopod-ismtpd-16.pdf","https://raw.githubusercontent.com/ck999kk/All_Events/3d5af32eed007ba3a748d8f198bd42fbd221a6e7/250424%20-%20Routine%20inspection%20scheduled%20for%201803_243%20Franklin%20St%2C%20Melbourne%20VIC%203000%20-%206qnX7yw8R8eWzLZ6mPtgSQ%40geopod-ismtpd-16.pdf"
"EVID-023","250428 - Update on Leak Inspection-1803_243 Franklin - 4QLBUF9uSEmROIykJr1CWA@geopod-ismtpd-canary-0.pdf","https://raw.githubusercontent.com/ck999kk/All_Events/3d5af32eed007ba3a748d8f198bd42fbd221a6e7/250428%20-%20Update%20on%20Leak%20Inspection-1803_243%20Franklin%20-%204QLBUF9uSEmROIykJr1CWA@geopod-ismtpd-canary-0.pdf"
"EVID-024","250428 - Update on Leak Issue at 1803_ 243 Franklin - 8uZNaRe5QeC5Hhm1EbTIqA@geopod-ismtpd-16.pdf","https://raw.githubusercontent.com/ck999kk/All_Events/3d5af32eed007ba3a748d8f198bd42fbd221a6e7/250428%20-%20Update%20on%20Leak%20Issue%20at%201803_%20243%20Franklin%20-%208uZNaRe5QeC5Hhm1EbTIqA@geopod-ismtpd-16.pdf"
"EVID-025","250430 - Routine inspection for 1803_243 Franklin St, Melbourne VIC 3000 - Reminder - 7ImO9OCRSiqbDHredWlFzQ@geopod-ismtpd-11.pdf","https://raw.githubusercontent.com/ck999kk/All_Events/3d5af32eed007ba3a748d8f198bd42fbd221a6e7/250430%20-%20Routine%20inspection%20for%201803_243%20Franklin%20St%2C%20Melbourne%20VIC%203000%20-%20Reminder%20-%207ImO9OCRSiqbDHredWlFzQ%40geopod-ismtpd-11.pdf"
"EVID-026","250501 - Areal monthly after-hours trades list update - gOO3iPI3QmOZtF6kWxNBEA@geopod-ismtpd-3.pdf","https://raw.githubusercontent.com/ck999kk/All_Events/3d5af32eed007ba3a748d8f198bd42fbd221a6e7/250501%20-%20Areal%20monthly%20after-hours%20trades%20list%20update%20-%20gOO3iPI3QmOZtF6kWxNBEA@geopod-ismtpd-3.pdf"
"EVID-027","250502 - Leaking Repaired Confirmation - 1803_243 Franklin St - zxGwId9eSLCgK3Xac8v7YA@geopod-ismtpd-11.pdf","https://raw.githubusercontent.com/ck999kk/All_Events/3d5af32eed007ba3a748d8f198bd42fbd221a6e7/250502%20-%20Leaking%20Repaired%20Confirmation%20%20-%201803_243%20Franklin%20St%20-%20zxGwId9eSLCgK3Xac8v7YA@geopod-ismtpd-11.pdf"
"EVID-028","250509 - Follow-up on Wall and Carpet Damage 1803_243 Franklin St - CAAV=8vvj9VaF+zYoA9jcvsJX9LMr+w5pTZ9-yZ85H3AXUUkT2A@mail.gmail.com.pdf","https://raw.githubusercontent.com/ck999kk/All_Events/3d5af32eed007ba3a748d8f198bd42fbd221a6e7/250509%20-%20Follow-up%20on%20Wall%20and%20Carpet%20Damage%20%201803_243%20Franklin%20St%20-%20CAAV=8vvj9VaF%2BzYoA9jcvsJX9LMr%2Bw5pTZ9-yZ85H3AXUUkT2A@mail.gmail.com.pdf"
"EVID-029","250509 - Re_ Follow-up on Wall and Carpet Damage 1803_243 Franklin St - ME2PR01MB547482C01171513F28E41756A48AA@ME2PR01MB5474.ausprd01.prod.outlook.com.pdf","https://raw.githubusercontent.com/ck999kk/All_Events/3d5af32eed007ba3a748d8f198bd42fbd221a6e7/250509%20-%20Re_%20Follow-up%20on%20Wall%20and%20Carpet%20Damage%20%201803_243%20Franklin%20St%20-%20ME2PR01MB547482C01171513F28E41756A48AA@ME2PR01MB5474.ausprd01.prod.outlook.com.pdf"
"EVID-030","250510 - Re_ Follow-up on Wall and Carpet Damage 1803_243 Franklin St - CAAV=8vuhGmwAEejKPfd4XsXPsjgNtpUjCYgSpZeXBA6RLK9z5g@mail.gmail.com.pdf","https://raw.githubusercontent.com/ck999kk/All_Events/3d5af32eed007ba3a748d8f198bd42fbd221a6e7/250510%20-%20Re_%20Follow-up%20on%20Wall%20and%20Carpet%20Damage%20%201803_243%20Franklin%20St%20-%20CAAV=8vuhGmwAEejKPfd4XsXPsjgNtpUjCYgSpZeXBA6RLK9z5g@mail.gmail.com.pdf"
"EVID-031","250512 - Re_ FW_ Follow-up on Wall and Carpet Damage 1803_243 Franklin St - bR3e2vDHSdSyfb3oGAQMaQ@geopod-ismtpd-canary-0.pdf","https://raw.githubusercontent.com/ck999kk/All_Events/3d5af32eed007ba3a748d8f198bd42fbd221a6e7/250512%20-%20Re_%20FW_%20Follow-up%20on%20Wall%20and%20Carpet%20Damage%20%201803_243%20Franklin%20St%20-%20bR3e2vDHSdSyfb3oGAQMaQ@geopod-ismtpd-canary-0.pdf"
"EVID-032","250513 - Re_ PS628109B - R&M - Water Leak Lot 1803A - 243, 253 & 263 Franklin Street - QlWNgtmlTLaSXxgA-zJ8Mg@geopod-ismtpd-10.pdf","https://raw.githubusercontent.com/ck999kk/All_Events/3d5af32eed007ba3a748d8f198bd42fbd221a6e7/250513%20-%20Re_%20PS628109B%20-%20R%26M%20-%20Water%20Leak%20Lot%201803A%20-%20243%2C%20253%20%26%20263%20Franklin%20Street%20-%20QlWNgtmlTLaSXxgA-zJ8Mg%40geopod-ismtpd-10.pdf"
"EVID-033","250526 - Receipt of payment for 1803_243 Franklin Street, Melbourne VIC 3000 - RSXxSwpfRrepgkJGLXZagw@geopod-ismtpd-12.pdf","https://raw.githubusercontent.com/ck999kk/All_Events/3d5af32eed007ba3a748d8f198bd42fbd221a6e7/250526%20-%20Receipt%20of%20payment%20for%201803_243%20Franklin%20Street%2C%20Melbourne%20VIC%203000%20-%20RSXxSwpfRrepgkJGLXZagw%40geopod-ismtpd-12.pdf"
"EVID-034","250526-Receipt # 89393.pdf","https://raw.githubusercontent.com/ck999kk/All_Events/3d5af32eed007ba3a748d8f198bd42fbd221a6e7/250526-Receipt%20%23%2089393.pdf"
"EVID-035","250529 - Leak Rectification Works Access Required - cii66zKWQlShflJnn2WQCA@geopod-ismtpd-canary-0.pdf","https://raw.githubusercontent.com/ck999kk/All_Events/3d5af32eed007ba3a748d8f198bd42fbd221a6e7/250529%20-%20Leak%20Rectification%20Works%20%20Access%20Required%20-%20cii66zKWQlShflJnn2WQCA@geopod-ismtpd-canary-0.pdf"
"EVID-036","250602 - Areal monthly after-hours trades list update - Y5ZjvYI9TIOAP4HbNkU8YQ@geopod-ismtpd-7.pdf","https://raw.githubusercontent.com/ck999kk/All_Events/3d5af32eed007ba3a748d8f198bd42fbd221a6e7/250602%20-%20Areal%20monthly%20after-hours%20trades%20list%20update%20-%20Y5ZjvYI9TIOAP4HbNkU8YQ@geopod-ismtpd-7.pdf"
"EVID-037","250602 - Re_ FW_ Follow-up on Wall and Carpet Damage 1803_243 Franklin St - HWWfmj4JQoebfjfpdeDpxw@geopod-ismtpd-11.pdf","https://raw.githubusercontent.com/ck999kk/All_Events/3d5af32eed007ba3a748d8f198bd42fbd221a6e7/250602%20-%20Re_%20FW_%20Follow-up%20on%20Wall%20and%20Carpet%20Damage%20%201803_243%20Franklin%20St%20-%20HWWfmj4JQoebfjfpdeDpxw@geopod-ismtpd-11.pdf"
"EVID-038","250603 - Re_ FW_ Follow-up on Wall and Carpet Damage 1803_243 Franklin St - CAAV=8vsvdhU7-2mouSU8xkrhKE4t1EkWqJDWRburm0XgObEzZQ@mail.gmail.com.pdf","https://raw.githubusercontent.com/ck999kk/All_Events/3d5af32eed007ba3a748d8f198bd42fbd221a6e7/250603%20-%20Re_%20FW_%20Follow-up%20on%20Wall%20and%20Carpet%20Damage%20%201803_243%20Franklin%20St%20-%20CAAV=8vsvdhU7-2mouSU8xkrhKE4t1EkWqJDWRburm0XgObEzZQ@mail.gmail.com.pdf"
"EVID-039","250603 - Re_ FW_ Follow-up on Wall and Carpet Damage 1803_243 Franklin St - WvBQeZuXT9CF88HVzHiiyQ@geopod-ismtpd-8.pdf","https://raw.githubusercontent.com/ck999kk/All_Events/3d5af32eed007ba3a748d8f198bd42fbd221a6e7/250603%20-%20Re_%20FW_%20Follow-up%20on%20Wall%20and%20Carpet%20Damage%20%201803_243%20Franklin%20St%20-%20WvBQeZuXT9CF88HVzHiiyQ@geopod-ismtpd-8.pdf"
"EVID-040","250605 - Re_ FW_ Follow-up on Wall and Carpet Damage 1803_243 Franklin St - T57ito3kS9qfby4C8r2MEQ@geopod-ismtpd-12.pdf","https://raw.githubusercontent.com/ck999kk/All_Events/3d5af32eed007ba3a748d8f198bd42fbd221a6e7/250605%20-%20Re_%20FW_%20Follow-up%20on%20Wall%20and%20Carpet%20Damage%20%201803_243%20Franklin%20St%20-%20T57ito3kS9qfby4C8r2MEQ@geopod-ismtpd-12.pdf"
"EVID-041","250606 - Follow-up Formal Demand & Statement Regarding Unresolved Repairs (Unit 1803) - CAAV=8vs1uvzVDRjiQoeQsd9ambDRmKOEuOszLq1seEhjQ_zDXA@mail.gmail.com.pdf","https://raw.githubusercontent.com/ck999kk/All_Events/3d5af32eed007ba3a748d8f198bd42fbd221a6e7/250606%20-%20Follow-up%20%20Formal%20Demand%20%26%20Statement%20Regarding%20Unresolved%20Repairs%20(Unit%201803)%20-%20CAAV=8vs1uvzVDRjiQoeQsd9ambDRmKOEuOszLq1seEhjQ_zDXA@mail.gmail.com.pdf"
"EVID-042","250606 - Re_ Follow-up Formal Demand & Statement Regarding Unresolved Repairs (Unit 1803) - CAAV=8vvzDYSgJdB2nPq-SvmopCv0MwVVN4GAUD0F=Khiy6ZYeQ@mail.gmail.com.pdf","https://raw.githubusercontent.com/ck999kk/All_Events/3d5af32eed007ba3a748d8f198bd42fbd221a6e7/250606%20-%20Re_%20Follow-up%20%20Formal%20Demand%20%26%20Statement%20Regarding%20Unresolved%20Repairs%20(Unit%201803)%20-%20CAAV=8vvzDYSgJdB2nPq-SvmopCv0MwVVN4GAUD0F=Khiy6ZYeQ@mail.gmail.com.pdf"
"EVID-043","250606 - Re_ Follow-up Formal Demand & Statement Regarding Unresolved Repairs (Unit 1803) - nO9U0Z6KR2O-1seYEUMENA@geopod-ismtpd-8.pdf","https://raw.githubusercontent.com/ck999kk/All_Events/3d5af32eed007ba3a748d8f198bd42fbd221a6e7/250606%20-%20Re_%20Follow-up%20%20Formal%20Demand%20%26%20Statement%20Regarding%20Unresolved%20Repairs%20(Unit%201803)%20-%20nO9U0Z6KR2O-1seYEUMENA@geopod-ismtpd-8.pdf"
"EVID-044","250606 - You have reached us outside of business hours - CB26068lSz2iqF1G_8pNEA@geopod-ismtpd-16.pdf","https://raw.githubusercontent.com/ck999kk/All_Events/3d5af32eed007ba3a748d8f198bd42fbd221a6e7/250606%20-%20You%20have%20reached%20us%20outside%20of%20business%20hours%20-%20CB26068lSz2iqF1G_8pNEA@geopod-ismtpd-16.pdf"
"EVID-045","250606-Chawakorn_Response_Repair_Access.pdf","https://raw.githubusercontent.com/ck999kk/All_Events/3d5af32eed007ba3a748d8f198bd42fbd221a6e7/250606-Chawakorn_Response_Repair_Access.pdf"
"EVID-046","250606-Formal_Demand_Letter_Chawakorn.pdf","https://raw.githubusercontent.com/ck999kk/All_Events/3d5af32eed007ba3a748d8f198bd42fbd221a6e7/250606-Formal_Demand_Letter_Chawakorn.pdf"
"EVID-047","250606-Tenant_Statement_Chawakorn.pdf","https://raw.githubusercontent.com/ck999kk/All_Events/3d5af32eed007ba3a748d8f198bd42fbd221a6e7/250606-Tenant_Statement_Chawakorn.pdf"
"EVID-048","250610 - Re_ Follow-up Formal Demand & Statement Regarding Unresolved Repairs (Unit 1803) - qoR5eGyiRgmLqDJH4SxPfw@geopod-ismtpd-3.pdf","https://raw.githubusercontent.com/ck999kk/All_Events/3d5af32eed007ba3a748d8f198bd42fbd221a6e7/250610%20-%20Re_%20Follow-up%20%20Formal%20Demand%20%26%20Statement%20Regarding%20Unresolved%20Repairs%20(Unit%201803)%20-%20qoR5eGyiRgmLqDJH4SxPfw@geopod-ismtpd-3.pdf"
"EVID-049","250610 - Re_ Follow-up Formal Demand & Statement Regarding Unresolved Repairs (Unit 1803) - uW4hCjWyR8qEuVSaYk02Ng@geopod-ismtpd-16.pdf","https://raw.githubusercontent.com/ck999kk/All_Events/3d5af32eed007ba3a748d8f198bd42fbd221a6e7/250610%20-%20Re_%20Follow-up%20%20Formal%20Demand%20%26%20Statement%20Regarding%20Unresolved%20Repairs%20(Unit%201803)%20-%20uW4hCjWyR8qEuVSaYk02Ng@geopod-ismtpd-16.pdf"
"EVID-050","250611 - Re_ Rent Adjustment Request for Clarification and Meeting (12 June) - CAAV=8vv02ZzW3znii1nTKELOCJt_cc6Fmg1kBcm-=akeuw2kxQ@mail.gmail.com.pdf","https://raw.githubusercontent.com/ck999kk/All_Events/3d5af32eed007ba3a748d8f198bd42fbd221a6e7/250611%20-%20Re_%20Rent%20Adjustment%20%20Request%20for%20Clarification%20and%20Meeting%20(12%20June)%20-%20CAAV=8vv02ZzW3znii1nTKELOCJt_cc6Fmg1kBcm-=akeuw2kxQ@mail.gmail.com.pdf"
"EVID-051","250611 - You have reached us outside of business hours - Ytw1FnuySC6Brj1BssrqwA@geopod-ismtpd-1.pdf","https://raw.githubusercontent.com/ck999kk/All_Events/3d5af32eed007ba3a748d8f198bd42fbd221a6e7/250611%20-%20You%20have%20reached%20us%20outside%20of%20business%20hours%20-%20Ytw1FnuySC6Brj1BssrqwA@geopod-ismtpd-1.pdf"
"EVID-052","250612 - Re_ Follow-up Formal Demand & Statement Regarding Unresolved Repairs (Unit 1803) - 3UzWfr2AStOuwqWo8CxVzA@geopod-ismtpd-15.pdf","https://raw.githubusercontent.com/ck999kk/All_Events/3d5af32eed007ba3a748d8f198bd42fbd221a6e7/250612%20-%20Re_%20Follow-up%20%20Formal%20Demand%20%26%20Statement%20Regarding%20Unresolved%20Repairs%20(Unit%201803)%20-%203UzWfr2AStOuwqWo8CxVzA@geopod-ismtpd-15.pdf"
"EVID-053","250613 - Re_ Follow-up Formal Demand & Statement Regarding Unresolved Repairs (Unit 1803) - D022281F-98FC-4BB6-852F-B9F2938DFBE1@gmail.com.pdf","https://raw.githubusercontent.com/ck999kk/All_Events/3d5af32eed007ba3a748d8f198bd42fbd221a6e7/250613%20-%20Re_%20Follow-up%20%20Formal%20Demand%20%26%20Statement%20Regarding%20Unresolved%20Repairs%20(Unit%201803)%20-%20D022281F-98FC-4BB6-852F-B9F2938DFBE1@gmail.com.pdf"
"EVID-054","250613 - Re_ Follow-up Formal Demand & Statement Regarding Unresolved Repairs (Unit 1803) - oFFE57p1ROqUP0GEA-GTFA@geopod-ismtpd-canary-0.pdf","https://raw.githubusercontent.com/ck999kk/All_Events/3d5af32eed007ba3a748d8f198bd42fbd221a6e7/250613%20-%20Re_%20Follow-up%20%20Formal%20Demand%20%26%20Statement%20Regarding%20Unresolved%20Repairs%20(Unit%201803)%20-%20oFFE57p1ROqUP0GEA-GTFA@geopod-ismtpd-canary-0.pdf"
"EVID-055","250613 - You have reached us outside of business hours - aV8DXJjjRjqJw1uYtwYRbQ@geopod-ismtpd-10.pdf","https://raw.githubusercontent.com/ck999kk/All_Events/3d5af32eed007ba3a748d8f198bd42fbd221a6e7/250613%20-%20You%20have%20reached%20us%20outside%20of%20business%20hours%20-%20aV8DXJjjRjqJw1uYtwYRbQ@geopod-ismtpd-10.pdf"
"EVID-056","250616 - Re_ Follow-up Formal Demand & Statement Regarding Unresolved Repairs (Unit 1803) - CAAV=8vvDk0Nd0o1KxFuePuKE5GSfTVKPNQTgRxQFfM4jPYq0kA@mail.gmail.com.pdf","https://raw.githubusercontent.com/ck999kk/All_Events/3d5af32eed007ba3a748d8f198bd42fbd221a6e7/250616%20-%20Re_%20Follow-up%20%20Formal%20Demand%20%26%20Statement%20Regarding%20Unresolved%20Repairs%20(Unit%201803)%20-%20CAAV=8vvDk0Nd0o1KxFuePuKE5GSfTVKPNQTgRxQFfM4jPYq0kA@mail.gmail.com.pdf"
"EVID-057","250616 - Re_ Follow-up Formal Demand & Statement Regarding Unresolved Repairs (Unit 1803) - XKkyKuy2R0mNufTA4QFQsg@geopod-ismtpd-8.pdf","https://raw.githubusercontent.com/ck999kk/All_Events/3d5af32eed007ba3a748d8f198bd42fbd221a6e7/250616%20-%20Re_%20Follow-up%20%20Formal%20Demand%20%26%20Statement%20Regarding%20Unresolved%20Repairs%20(Unit%201803)%20-%20XKkyKuy2R0mNufTA4QFQsg@geopod-ismtpd-8.pdf"
"EVID-058","250616 - You have reached us outside of business hours - T0iNuMs9THG2zC-v7v70Zg@geopod-ismtpd-10.pdf","https://raw.githubusercontent.com/ck999kk/All_Events/3d5af32eed007ba3a748d8f198bd42fbd221a6e7/250616%20-%20You%20have%20reached%20us%20outside%20of%20business%20hours%20-%20T0iNuMs9THG2zC-v7v70Zg@geopod-ismtpd-10.pdf"
"EVID-059","250618 - Remediation Works Start Date Confirmed - jDdicc5QRQuFndK1xPjB6w@geopod-ismtpd-12.pdf","https://raw.githubusercontent.com/ck999kk/All_Events/3d5af32eed007ba3a748d8f198bd42fbd221a6e7/250618%20-%20Remediation%20Works%20%20Start%20Date%20Confirmed%20-%20jDdicc5QRQuFndK1xPjB6w@geopod-ismtpd-12.pdf"
"EVID-060","250623 - Re_ Follow-up Formal Demand & Statement Regarding Unresolved Repairs (Unit 1803) - -Yy8h3xmSTCky_FFv3gCjQ@geopod-ismtpd-5.pdf","https://raw.githubusercontent.com/ck999kk/All_Events/3d5af32eed007ba3a748d8f198bd42fbd221a6e7/250623%20-%20Re_%20Follow-up%20%20Formal%20Demand%20%26%20Statement%20Regarding%20Unresolved%20Repairs%20(Unit%201803)%20-%20-Yy8h3xmSTCky_FFv3gCjQ@geopod-ismtpd-5.pdf"
"EVID-061","250623 - Re_ Follow-up Formal Demand & Statement Regarding Unresolved Repairs (Unit 1803) - CAAV=8vsQuD+Bhy97R6kAOhrkKWYgmGLFNzHR-GazuDz98Wm9-w@mail.gmail.com.pdf","https://raw.githubusercontent.com/ck999kk/All_Events/3d5af32eed007ba3a748d8f198bd42fbd221a6e7/250623%20-%20Re_%20Follow-up%20%20Formal%20Demand%20%26%20Statement%20Regarding%20Unresolved%20Repairs%20(Unit%201803)%20-%20CAAV=8vsQuD%2BBhy97R6kAOhrkKWYgmGLFNzHR-GazuDz98Wm9-w@mail.gmail.com.pdf"
"EVID-062","250623 - Re_ Follow-up Formal Demand & Statement Regarding Unresolved Repairs (Unit 1803) - OENqYgufTjCHaYY_uY7gdg@geopod-ismtpd-4.pdf","https://raw.githubusercontent.com/ck999kk/All_Events/3d5af32eed007ba3a748d8f198bd42fbd221a6e7/250623%20-%20Re_%20Follow-up%20%20Formal%20Demand%20%26%20Statement%20Regarding%20Unresolved%20Repairs%20(Unit%201803)%20-%20OENqYgufTjCHaYY_uY7gdg@geopod-ismtpd-4.pdf"
"EVID-063","250623-medical-documentation.pdf","https://raw.githubusercontent.com/ck999kk/All_Events/3d5af32eed007ba3a748d8f198bd42fbd221a6e7/250623-medical-documentation.pdf"
"EVID-064","250623-medical-expenses.pdf","https://raw.githubusercontent.com/ck999kk/All_Events/3d5af32eed007ba3a748d8f198bd42fbd221a6e7/250623-medical-expenses.pdf"
"EVID-065","250624 - RDRV - Case RT252398 - 33 Camberwell Rd, Hawthorn East, VIC, 3123 - ME2PR01MB536147C880F7C60872EE3DF6A978A@ME2PR01MB5361.ausprd01.prod.outlook.com.pdf","https://raw.githubusercontent.com/ck999kk/All_Events/3d5af32eed007ba3a748d8f198bd42fbd221a6e7/250624%20-%20RDRV%20-%20Case%20RT252398%20-%2033%20Camberwell%20Rd%2C%20Hawthorn%20East%2C%20VIC%2C%203123%20-%20ME2PR01MB536147C880F7C60872EE3DF6A978A%40ME2PR01MB5361.ausprd01.prod.outlook.com.pdf"
"EVID-066","250624 - Re_ Follow-up Formal Demand & Statement Regarding Unresolved Repairs (Unit 1803) - 0XZYhteuQbOupCJ1ekXLtA@geopod-ismtpd-15.pdf","https://raw.githubusercontent.com/ck999kk/All_Events/3d5af32eed007ba3a748d8f198bd42fbd221a6e7/250624%20-%20Re_%20Follow-up%20%20Formal%20Demand%20%26%20Statement%20Regarding%20Unresolved%20Repairs%20(Unit%201803)%20-%200XZYhteuQbOupCJ1ekXLtA@geopod-ismtpd-15.pdf"
"EVID-067","250624 - Re_ Follow-up Formal Demand & Statement Regarding Unresolved Repairs (Unit 1803) - CAAV=8vue+yeVtRzJz1DBxxe68AwzwMvfEkHuk+1bGe4kY3W-qQ@mail.gmail.com.pdf","https://raw.githubusercontent.com/ck999kk/All_Events/3d5af32eed007ba3a748d8f198bd42fbd221a6e7/250624%20-%20Re_%20Follow-up%20%20Formal%20Demand%20%26%20Statement%20Regarding%20Unresolved%20Repairs%20(Unit%201803)%20-%20CAAV=8vue%2ByeVtRzJz1DBxxe68AwzwMvfEkHuk%2B1bGe4kY3W-qQ@mail.gmail.com.pdf"
"EVID-068","250624 - Re_ RDRV - Case RT252398 - 33 Camberwell Rd, Hawthorn East, VIC, 3123 - CAAV=8vuu5LTNJy3nPhkZPkGCdHqdtDGGt7UyF0c8DLN5K1NPvw@mail.gmail.com.pdf","https://raw.githubusercontent.com/ck999kk/All_Events/3d5af32eed007ba3a748d8f198bd42fbd221a6e7/250624%20-%20Re_%20RDRV%20-%20Case%20RT252398%20-%2033%20Camberwell%20Rd%2C%20Hawthorn%20East%2C%20VIC%2C%203123%20-%20CAAV%3D8vuu5LTNJy3nPhkZPkGCdHqdtDGGt7UyF0c8DLN5K1NPvw%40mail.gmail.com.pdf"
"EVID-069","250624 - Receipt of payment for 1803_243 Franklin Street, Melbourne VIC 3000 - ZJAAxgQMTiCsbiKTAQu1VQ@geopod-ismtpd-12.pdf","https://raw.githubusercontent.com/ck999kk/All_Events/3d5af32eed007ba3a748d8f198bd42fbd221a6e7/250624%20-%20Receipt%20of%20payment%20for%201803_243%20Franklin%20Street%2C%20Melbourne%20VIC%203000%20-%20ZJAAxgQMTiCsbiKTAQu1VQ%40geopod-ismtpd-12.pdf"
"EVID-070","250624 - Residential Tenancies Dispute Submission for RT252398 CMS_0014253156 - 22C8133778574981AFE79EFBB2AD07EA1DBE471C10EE@CASES.COURTS.VIC.GOV.AU.pdf","https://raw.githubusercontent.com/ck999kk/All_Events/3d5af32eed007ba3a748d8f198bd42fbd221a6e7/250624%20-%20Residential%20Tenancies%20Dispute%20Submission%20for%20RT252398%20%20CMS_0014253156%20-%2022C8133778574981AFE79EFBB2AD07EA1DBE471C10EE@CASES.COURTS.VIC.GOV.AU.pdf"
"EVID-071","250624 - VCAT RDRV account email verification code - 68599988.050a0220.1a2398.691cSMTPIN_ADDED_BROKEN@mx.google.com.pdf","https://raw.githubusercontent.com/ck999kk/All_Events/3d5af32eed007ba3a748d8f198bd42fbd221a6e7/250624%20-%20VCAT%20RDRV%20account%20email%20verification%20code%20-%2068599988.050a0220.1a2398.691cSMTPIN_ADDED_BROKEN@mx.google.com.pdf"
"EVID-072","250624 - You have reached us outside of business hours - k5cNctQzRsqL10qPlUK1Cw@geopod-ismtpd-6.pdf","https://raw.githubusercontent.com/ck999kk/All_Events/3d5af32eed007ba3a748d8f198bd42fbd221a6e7/250624%20-%20You%20have%20reached%20us%20outside%20of%20business%20hours%20-%20k5cNctQzRsqL10qPlUK1Cw@geopod-ismtpd-6.pdf"
"EVID-073","250624-24-06-2025 - Applicant 1 - Application.pdf","https://raw.githubusercontent.com/ck999kk/All_Events/3d5af32eed007ba3a748d8f198bd42fbd221a6e7/250624-24-06-2025%20-%20Applicant%201%20-%20Application.pdf"
"EVID-074","250624-Receipt # 90497.pdf","https://raw.githubusercontent.com/ck999kk/All_Events/3d5af32eed007ba3a748d8f198bd42fbd221a6e7/250624-Receipt%20%23%2090497.pdf"
"EVID-075","250625 - RDRV - Case RT252398 - 33 Camberwell Rd, Hawthorn East, VIC, 3123 - ME2PR01MB536189A34A8FE813E4ACB5ECA97BA@ME2PR01MB5361.ausprd01.prod.outlook.com.pdf","https://raw.githubusercontent.com/ck999kk/All_Events/3d5af32eed007ba3a748d8f198bd42fbd221a6e7/250625%20-%20RDRV%20-%20Case%20RT252398%20-%2033%20Camberwell%20Rd%2C%20Hawthorn%20East%2C%20VIC%2C%203123%20-%20ME2PR01MB536189A34A8FE813E4ACB5ECA97BA%40ME2PR01MB5361.ausprd01.prod.outlook.com.pdf"
"EVID-076","250625 - Re_ RDRV - Case RT252398 - 33 Camberwell Rd, Hawthorn East, VIC, 3123 - SY0PR01MB893890379D42200140E924FFD07BA@SY0PR01MB8938.ausprd01.prod.outlook.com.pdf","https://raw.githubusercontent.com/ck999kk/All_Events/3d5af32eed007ba3a748d8f198bd42fbd221a6e7/250625%20-%20Re_%20RDRV%20-%20Case%20RT252398%20-%2033%20Camberwell%20Rd%2C%20Hawthorn%20East%2C%20VIC%2C%203123%20-%20SY0PR01MB893890379D42200140E924FFD07BA%40SY0PR01MB8938.ausprd01.prod.outlook.com.pdf"
"EVID-077","250625 - Re_ RDRV - Case RT252398 - 33 Camberwell Rd, Hawthorn East, VIC, 3123 - SY0PR01MB8938AC30F5A6B1DB2CB9C23CD07BA@SY0PR01MB8938.ausprd01.prod.outlook.com.pdf","https://raw.githubusercontent.com/ck999kk/All_Events/3d5af32eed007ba3a748d8f198bd42fbd221a6e7/250625%20-%20Re_%20RDRV%20-%20Case%20RT252398%20-%2033%20Camberwell%20Rd%2C%20Hawthorn%20East%2C%20VIC%2C%203123%20-%20SY0PR01MB8938AC30F5A6B1DB2CB9C23CD07BA%40SY0PR01MB8938.ausprd01.prod.outlook.com.pdf"
"EVID-078","250626 - Re_ RDRV - Case RT252398 - 33 Camberwell Rd, Hawthorn East, VIC, 3123 - CAAV=8vvTqt9woJ+CiKB66HUYwMLnkKc67-=-UEtEpFWq_NTrGQ@mail.gmail.com.pdf","https://raw.githubusercontent.com/ck999kk/All_Events/3d5af32eed007ba3a748d8f198bd42fbd221a6e7/250626%20-%20Re_%20RDRV%20-%20Case%20RT252398%20-%2033%20Camberwell%20Rd%2C%20Hawthorn%20East%2C%20VIC%2C%203123%20-%20CAAV%3D8vvTqt9woJ%2BCiKB66HUYwMLnkKc67-%3D-UEtEpFWq_NTrGQ%40mail.gmail.com.pdf"
"EVID-079","250626 - Re_ RDRV - Case RT252398 - 33 Camberwell Rd, Hawthorn East, VIC, 3123 - ME2PR01MB53610532DA8B85B21E797787A97AA@ME2PR01MB5361.ausprd01.prod.outlook.com.pdf","https://raw.githubusercontent.com/ck999kk/All_Events/3d5af32eed007ba3a748d8f198bd42fbd221a6e7/250626%20-%20Re_%20RDRV%20-%20Case%20RT252398%20-%2033%20Camberwell%20Rd%2C%20Hawthorn%20East%2C%20VIC%2C%203123%20-%20ME2PR01MB53610532DA8B85B21E797787A97AA%40ME2PR01MB5361.ausprd01.prod.outlook.com.pdf"
"EVID-080","250626 - Re_ RDRV - Case RT252398 - 33 Camberwell Rd, Hawthorn East, VIC, 3123 - SY0PR01MB89380B2BE8131492AC463717D07AA@SY0PR01MB8938.ausprd01.prod.outlook.com.pdf","https://raw.githubusercontent.com/ck999kk/All_Events/3d5af32eed007ba3a748d8f198bd42fbd221a6e7/250626%20-%20Re_%20RDRV%20-%20Case%20RT252398%20-%2033%20Camberwell%20Rd%2C%20Hawthorn%20East%2C%20VIC%2C%203123%20-%20SY0PR01MB89380B2BE8131492AC463717D07AA%40SY0PR01MB8938.ausprd01.prod.outlook.com.pdf"
"EVID-081","250627 - RDRV Order - RT252398 CMS_0014256123 - 9D3EF12496974851BF5FFFA72AE6F7C41DBE71CA7399@CASES.COURTS.VIC.GOV.AU.pdf","https://raw.githubusercontent.com/ck999kk/All_Events/3d5af32eed007ba3a748d8f198bd42fbd221a6e7/250627%20-%20RDRV%20Order%20-%20RT252398%20CMS_0014256123%20-%209D3EF12496974851BF5FFFA72AE6F7C41DBE71CA7399@CASES.COURTS.VIC.GOV.AU.pdf"
"EVID-082","250627 - Re_ RDRV - Case RT252398 - 33 Camberwell Rd, Hawthorn East, VIC, 3123 - SY0PR01MB89382294434912159D0AA05AD045A@SY0PR01MB8938.ausprd01.prod.outlook.com.pdf","https://raw.githubusercontent.com/ck999kk/All_Events/3d5af32eed007ba3a748d8f198bd42fbd221a6e7/250627%20-%20Re_%20RDRV%20-%20Case%20RT252398%20-%2033%20Camberwell%20Rd%2C%20Hawthorn%20East%2C%20VIC%2C%203123%20-%20SY0PR01MB89382294434912159D0AA05AD045A%40SY0PR01MB8938.ausprd01.prod.outlook.com.pdf"
"EVID-083","250627 - Re_ RDRV - Case RT252398 - 33 Camberwell Rd, Hawthorn East, VIC, 3123 - SY0PR01MB8938CA371A0AD3AD989A55DFD045A@SY0PR01MB8938.ausprd01.prod.outlook.com.pdf","https://raw.githubusercontent.com/ck999kk/All_Events/3d5af32eed007ba3a748d8f198bd42fbd221a6e7/250627%20-%20Re_%20RDRV%20-%20Case%20RT252398%20-%2033%20Camberwell%20Rd%2C%20Hawthorn%20East%2C%20VIC%2C%203123%20-%20SY0PR01MB8938CA371A0AD3AD989A55DFD045A%40SY0PR01MB8938.ausprd01.prod.outlook.com.pdf"
"EVID-084","250627 - Re_ RDRV - Case RT252398 - 33 Camberwell Rd, Hawthorn East, VIC, 3123 CMS_0056400069 - 6AB1256270E642C5A082F8D9FAC3A3531DBE71B64B97@CASES.COURTS.VIC.GOV.AU.pdf","https://raw.githubusercontent.com/ck999kk/All_Events/3d5af32eed007ba3a748d8f198bd42fbd221a6e7/250627%20-%20Re_%20RDRV%20-%20Case%20RT252398%20-%2033%20Camberwell%20Rd%2C%20Hawthorn%20East%2C%20VIC%2C%203123%20CMS_0056400069%20-%206AB1256270E642C5A082F8D9FAC3A3531DBE71B64B97%40CASES.COURTS.VIC.GOV.AU.pdf"
"EVID-085","250627 - Update to RT252398 CMS_0014256122 - D8E3DC7A6635494789FE3C7E564BB8401DBE71CA6C3A@CASES.COURTS.VIC.GOV.AU.pdf","https://raw.githubusercontent.com/ck999kk/All_Events/3d5af32eed007ba3a748d8f198bd42fbd221a6e7/250627%20-%20Update%20to%20RT252398%20CMS_0014256122%20-%20D8E3DC7A6635494789FE3C7E564BB8401DBE71CA6C3A@CASES.COURTS.VIC.GOV.AU.pdf"
"EVID-086","250627 - VCAT RDRV account email verification code - 685e4c8d.050a0220.170fea.e557SMTPIN_ADDED_BROKEN@mx.google.com.pdf","https://raw.githubusercontent.com/ck999kk/All_Events/3d5af32eed007ba3a748d8f198bd42fbd221a6e7/250627%20-%20VCAT%20RDRV%20account%20email%20verification%20code%20-%20685e4c8d.050a0220.170fea.e557SMTPIN_ADDED_BROKEN@mx.google.com.pdf"
"EVID-087","250627-27-06-2025 - Strike out - Consent order - Order f058873a.pdf","https://raw.githubusercontent.com/ck999kk/All_Events/3d5af32eed007ba3a748d8f198bd42fbd221a6e7/250627-27-06-2025%20-%20Strike%20out%20-%20Consent%20order%20-%20Order%20f058873a.pdf"
"EVID-088","250627-AusPost lodgement.pdf","https://raw.githubusercontent.com/ck999kk/All_Events/3d5af32eed007ba3a748d8f198bd42fbd221a6e7/250627-AusPost%20lodgement.pdf"
"EVID-089","250627-Notice of entry 7 July 2025.pdf","https://raw.githubusercontent.com/ck999kk/All_Events/3d5af32eed007ba3a748d8f198bd42fbd221a6e7/250627-Notice%20of%20entry%207%20July%202025.pdf"
"EVID-090","250627-Notice of entry 8 July 2025.pdf","https://raw.githubusercontent.com/ck999kk/All_Events/3d5af32eed007ba3a748d8f198bd42fbd221a6e7/250627-Notice%20of%20entry%208%20July%202025.pdf"
"EVID-091","250627-Notice of entry 9 July 2025.pdf","https://raw.githubusercontent.com/ck999kk/All_Events/3d5af32eed007ba3a748d8f198bd42fbd221a6e7/250627-Notice%20of%20entry%209%20July%202025.pdf"
"EVID-092","250627-Notice of entry lable.pdf","https://raw.githubusercontent.com/ck999kk/All_Events/3d5af32eed007ba3a748d8f198bd42fbd221a6e7/250627-Notice%20of%20entry%20lable.pdf"
"EVID-093","250627-tax invoice.pdf","https://raw.githubusercontent.com/ck999kk/All_Events/3d5af32eed007ba3a748d8f198bd42fbd221a6e7/250627-tax%20invoice.pdf"
"EVID-094","250701 - Areal monthly after-hours trades list update - gSL8Bh6nTMulPWEuc15cZQ@geopod-ismtpd-4.pdf","https://raw.githubusercontent.com/ck999kk/All_Events/3d5af32eed007ba3a748d8f198bd42fbd221a6e7/250701%20-%20Areal%20monthly%20after-hours%20trades%20list%20update%20-%20gSL8Bh6nTMulPWEuc15cZQ@geopod-ismtpd-4.pdf"
"EVID-095","250701 - Areal monthly after-hours trades list update - xJ4RkcCoTSqqA5rfhGBuNQ@geopod-ismtpd-11.pdf","https://raw.githubusercontent.com/ck999kk/All_Events/3d5af32eed007ba3a748d8f198bd42fbd221a6e7/250701%20-%20Areal%20monthly%20after-hours%20trades%20list%20update%20-%20xJ4RkcCoTSqqA5rfhGBuNQ@geopod-ismtpd-11.pdf"
"EVID-096","250701 - Re_ RDRV - Case RT252398 - 33 Camberwell Rd, Hawthorn East, VIC, 3123 - CAAV=8vtEscj+pX9-tdyyE81OLDsLOFKR=oZ3KZj8RX+G47sjSA@mail.gmail.com.pdf","https://raw.githubusercontent.com/ck999kk/All_Events/3d5af32eed007ba3a748d8f198bd42fbd221a6e7/250701%20-%20Re_%20RDRV%20-%20Case%20RT252398%20-%2033%20Camberwell%20Rd%2C%20Hawthorn%20East%2C%20VIC%2C%203123%20-%20CAAV%3D8vtEscj%2BpX9-tdyyE81OLDsLOFKR%3DoZ3KZj8RX%2BG47sjSA%40mail.gmail.com.pdf"
"EVID-097","250701 - Re_ RDRV - Case RT252398 - 33 Camberwell Rd, Hawthorn East, VIC, 3123 - SY0PR01MB8938454405B975890A3599F5D041A@SY0PR01MB8938.ausprd01.prod.outlook.com.pdf","https://raw.githubusercontent.com/ck999kk/All_Events/3d5af32eed007ba3a748d8f198bd42fbd221a6e7/250701%20-%20Re_%20RDRV%20-%20Case%20RT252398%20-%2033%20Camberwell%20Rd%2C%20Hawthorn%20East%2C%20VIC%2C%203123%20-%20SY0PR01MB8938454405B975890A3599F5D041A%40SY0PR01MB8938.ausprd01.prod.outlook.com.pdf"
"EVID-098","250701 - Re_ RDRV - Case RT252398 - 33 Camberwell Rd, Hawthorn East, VIC, 3123 - SY0PR01MB8938FA1673F305E1BE93D7D7D041A@SY0PR01MB8938.ausprd01.prod.outlook.com.pdf","https://raw.githubusercontent.com/ck999kk/All_Events/3d5af32eed007ba3a748d8f198bd42fbd221a6e7/250701%20-%20Re_%20RDRV%20-%20Case%20RT252398%20-%2033%20Camberwell%20Rd%2C%20Hawthorn%20East%2C%20VIC%2C%203123%20-%20SY0PR01MB8938FA1673F305E1BE93D7D7D041A%40SY0PR01MB8938.ausprd01.prod.outlook.com.pdf"
"EVID-099","250701-Exhibit_A_20250616_0437.pdf","https://raw.githubusercontent.com/ck999kk/All_Events/3d5af32eed007ba3a748d8f198bd42fbd221a6e7/250701-Exhibit_A_20250616_0437.pdf"
"EVID-100","250701-Exhibit_B_20250616_1152.pdf","https://raw.githubusercontent.com/ck999kk/All_Events/3d5af32eed007ba3a748d8f198bd42fbd221a6e7/250701-Exhibit_B_20250616_1152.pdf"
"EVID-101","250701-Exhibit_C_20250623_1505.pdf","https://raw.githubusercontent.com/ck999kk/All_Events/3d5af32eed007ba3a748d8f198bd42fbd221a6e7/250701-Exhibit_C_20250623_1505.pdf"
"EVID-102","250701-Exhibit_D_20250627_1509.pdf","https://raw.githubusercontent.com/ck999kk/All_Events/3d5af32eed007ba3a748d8f198bd42fbd221a6e7/250701-Exhibit_D_20250627_1509.pdf"
"EVID-103","250701-NTE 10-07.pdf","https://raw.githubusercontent.com/ck999kk/All_Events/3d5af32eed007ba3a748d8f198bd42fbd221a6e7/250701-NTE%2010-07.pdf"
"EVID-104","250701-NTE 11-07.pdf","https://raw.githubusercontent.com/ck999kk/All_Events/3d5af32eed007ba3a748d8f198bd42fbd221a6e7/250701-NTE%2011-07.pdf"
"EVID-105","250701-NTE 14-07.pdf","https://raw.githubusercontent.com/ck999kk/All_Events/3d5af32eed007ba3a748d8f198bd42fbd221a6e7/250701-NTE%2014-07.pdf"
"EVID-106","250701-NTE 15-07.pdf","https://raw.githubusercontent.com/ck999kk/All_Events/3d5af32eed007ba3a748d8f198bd42fbd221a6e7/250701-NTE%2015-07.pdf"
"EVID-107","250701-Reg Post Lodgement Slips.pdf","https://raw.githubusercontent.com/ck999kk/All_Events/3d5af32eed007ba3a748d8f198bd42fbd221a6e7/250701-Reg%20Post%20Lodgement%20Slips.pdf"
"EVID-108","250701-Reg Post Sender Slips.pdf","https://raw.githubusercontent.com/ck999kk/All_Events/3d5af32eed007ba3a748d8f198bd42fbd221a6e7/250701-Reg%20Post%20Sender%20Slips.pdf"
"EVID-109","250703 - Re_ RDRV - Case RT252398 - 33 Camberwell Rd, Hawthorn East, VIC, 3123 - CAAV=8vvKKQ_x4FZWt2UF+cNNw_i-XwMNOZ_UV8TbgiqmHKNLnQ@mail.gmail.com.pdf","https://raw.githubusercontent.com/ck999kk/All_Events/3d5af32eed007ba3a748d8f198bd42fbd221a6e7/250703%20-%20Re_%20RDRV%20-%20Case%20RT252398%20-%2033%20Camberwell%20Rd%2C%20Hawthorn%20East%2C%20VIC%2C%203123%20-%20CAAV%3D8vvKKQ_x4FZWt2UF%2BcNNw_i-XwMNOZ_UV8TbgiqmHKNLnQ%40mail.gmail.com.pdf"
"EVID-110","250703 - You have reached us outside of business hours - RsSCmNZcR66ZUikR7ELrmg@geopod-ismtpd-3.pdf","https://raw.githubusercontent.com/ck999kk/All_Events/3d5af32eed007ba3a748d8f198bd42fbd221a6e7/250703%20-%20You%20have%20reached%20us%20outside%20of%20business%20hours%20-%20RsSCmNZcR66ZUikR7ELrmg@geopod-ismtpd-3.pdf"
"EVID-111","250704 - Re_ RDRV - Case RT252398 - 33 Camberwell Rd, Hawthorn East, VIC, 3123 - 5m7PnjqaSFSHO6OsrY20JQ@geopod-ismtpd-9.pdf","https://raw.githubusercontent.com/ck999kk/All_Events/3d5af32eed007ba3a748d8f198bd42fbd221a6e7/250704%20-%20Re_%20RDRV%20-%20Case%20RT252398%20-%2033%20Camberwell%20Rd%2C%20Hawthorn%20East%2C%20VIC%2C%203123%20-%205m7PnjqaSFSHO6OsrY20JQ%40geopod-ismtpd-9.pdf"
"EVID-112","250704 - Re_ RDRV - Case RT252398 - 33 Camberwell Rd, Hawthorn East, VIC, 3123 - CAAV=8vsuH4ugfx=+-gEFfAMNdnroimuOW7iPQ7anxzjP-1hO=Q@mail.gmail.com.pdf","https://raw.githubusercontent.com/ck999kk/All_Events/3d5af32eed007ba3a748d8f198bd42fbd221a6e7/250704%20-%20Re_%20RDRV%20-%20Case%20RT252398%20-%2033%20Camberwell%20Rd%2C%20Hawthorn%20East%2C%20VIC%2C%203123%20-%20CAAV%3D8vsuH4ugfx%3D%2B-gEFfAMNdnroimuOW7iPQ7anxzjP-1hO%3DQ%40mail.gmail.com.pdf"
"EVID-113","250704 - Re_ RDRV - Case RT252398 - 33 Camberwell Rd, Hawthorn East, VIC, 3123 - CAAV=8vvt8hWm1o45QGHR7yPT6RUHap1hHodqNLhMiB+i1qH+kA@mail.gmail.com.pdf","https://raw.githubusercontent.com/ck999kk/All_Events/3d5af32eed007ba3a748d8f198bd42fbd221a6e7/250704%20-%20Re_%20RDRV%20-%20Case%20RT252398%20-%2033%20Camberwell%20Rd%2C%20Hawthorn%20East%2C%20VIC%2C%203123%20-%20CAAV%3D8vvt8hWm1o45QGHR7yPT6RUHap1hHodqNLhMiB%2Bi1qH%2BkA%40mail.gmail.com.pdf"
"EVID-114","250704 - You have reached us outside of business hours - HB_2sHe0TJm17bsMBrHGWQ@geopod-ismtpd-17.pdf","https://raw.githubusercontent.com/ck999kk/All_Events/3d5af32eed007ba3a748d8f198bd42fbd221a6e7/250704%20-%20You%20have%20reached%20us%20outside%20of%20business%20hours%20-%20HB_2sHe0TJm17bsMBrHGWQ@geopod-ismtpd-17.pdf"
"EVID-115","250704-Public Liability.pdf","https://raw.githubusercontent.com/ck999kk/All_Events/3d5af32eed007ba3a748d8f198bd42fbd221a6e7/250704-Public%20Liability.pdf"
"EVID-116","250707 - Re_ RDRV - Case RT252398 - 33 Camberwell Rd, Hawthorn East, VIC, 3123 - SY0PR01MB8938D6189AFC2FE2A3722E9AD04FA@SY0PR01MB8938.ausprd01.prod.outlook.com.pdf","https://raw.githubusercontent.com/ck999kk/All_Events/3d5af32eed007ba3a748d8f198bd42fbd221a6e7/250707%20-%20Re_%20RDRV%20-%20Case%20RT252398%20-%2033%20Camberwell%20Rd%2C%20Hawthorn%20East%2C%20VIC%2C%203123%20-%20SY0PR01MB8938D6189AFC2FE2A3722E9AD04FA%40SY0PR01MB8938.ausprd01.prod.outlook.com.pdf"
"EVID-117","250709 - Re_ RDRV - Case RT252398 - 33 Camberwell Rd, Hawthorn East, VIC, 3123 - SY8PR01MB89487B70BA6658C1132F2DC8D049A@SY8PR01MB8948.ausprd01.prod.outlook.com.pdf","https://raw.githubusercontent.com/ck999kk/All_Events/3d5af32eed007ba3a748d8f198bd42fbd221a6e7/250709%20-%20Re_%20RDRV%20-%20Case%20RT252398%20-%2033%20Camberwell%20Rd%2C%20Hawthorn%20East%2C%20VIC%2C%203123%20-%20SY8PR01MB89487B70BA6658C1132F2DC8D049A%40SY8PR01MB8948.ausprd01.prod.outlook.com.pdf"
"EVID-118","250711 - Notice to vacate - 1803_243 Franklin Street, Melbourne VIC 3000 - LC0sl9DITRqJVpDrvRiu2Q@geopod-ismtpd-8.pdf","https://raw.githubusercontent.com/ck999kk/All_Events/3d5af32eed007ba3a748d8f198bd42fbd221a6e7/250711%20-%20Notice%20to%20vacate%20-%201803_243%20Franklin%20Street%2C%20Melbourne%20VIC%203000%20-%20LC0sl9DITRqJVpDrvRiu2Q%40geopod-ismtpd-8.pdf"
"EVID-119","250711 - Re_ RDRV - Case RT252398 - 33 Camberwell Rd, Hawthorn East, VIC, 3123 - CAAV=8vseTMoCJbtNE2V0o+Ke=zLWdevsrJriCiD=ZeCeozMsnA@mail.gmail.com.pdf","https://raw.githubusercontent.com/ck999kk/All_Events/3d5af32eed007ba3a748d8f198bd42fbd221a6e7/250711%20-%20Re_%20RDRV%20-%20Case%20RT252398%20-%2033%20Camberwell%20Rd%2C%20Hawthorn%20East%2C%20VIC%2C%203123%20-%20CAAV%3D8vseTMoCJbtNE2V0o%2BKe%3DzLWdevsrJriCiD%3DZeCeozMsnA%40mail.gmail.com.pdf"
"EVID-120","250711 - Vacating instructions - 1803_243 Franklin Street, Melbourne VIC 3000 - YUZNhpYcT8uJiUuwW877SQ@geopod-ismtpd-4.pdf","https://raw.githubusercontent.com/ck999kk/All_Events/3d5af32eed007ba3a748d8f198bd42fbd221a6e7/250711%20-%20Vacating%20instructions%20-%201803_243%20Franklin%20Street%2C%20Melbourne%20VIC%203000%20-%20YUZNhpYcT8uJiUuwW877SQ%40geopod-ismtpd-4.pdf"
"EVID-121","250711-Message Thread Franklin Stpdf.pdf","https://raw.githubusercontent.com/ck999kk/All_Events/3d5af32eed007ba3a748d8f198bd42fbd221a6e7/250711-Message%20Thread%20Franklin%20Stpdf.pdf"
"EVID-122","250711-Move out guide & tips to get your bond back.pdf","https://raw.githubusercontent.com/ck999kk/All_Events/3d5af32eed007ba3a748d8f198bd42fbd221a6e7/250711-Move%20out%20guide%20%26%20tips%20to%20get%20your%20bond%20back.pdf"
"EVID-123","250711-NOTICE TO VACATE U1803 243 FRANKLIN ST.pdf","https://raw.githubusercontent.com/ck999kk/All_Events/3d5af32eed007ba3a748d8f198bd42fbd221a6e7/250711-NOTICE%20TO%20VACATE%20U1803%20243%20FRANKLIN%20ST.pdf"
"EVID-124","250711-Vacate Cleaning Guide.pdf","https://raw.githubusercontent.com/ck999kk/All_Events/3d5af32eed007ba3a748d8f198bd42fbd221a6e7/250711-Vacate%20Cleaning%20Guide.pdf"
"EVID-125","250711-sylvia-to-podjana-move-out-guide.pdf","https://raw.githubusercontent.com/ck999kk/All_Events/3d5af32eed007ba3a748d8f198bd42fbd221a6e7/250711-sylvia-to-podjana-move-out-guide.pdf"
"EVID-126","250711-sylvia-to-podjana-notice-to-vacate.pdf","https://raw.githubusercontent.com/ck999kk/All_Events/3d5af32eed007ba3a748d8f198bd42fbd221a6e7/250711-sylvia-to-podjana-notice-to-vacate.pdf"
"EVID-127","250711-sylvia-to-podjana-vacate-cleaning-guide.pdf","https://raw.githubusercontent.com/ck999kk/All_Events/3d5af32eed007ba3a748d8f198bd42fbd221a6e7/250711-sylvia-to-podjana-vacate-cleaning-guide.pdf"
"EVID-128","250711-sylvia-to-podjana-vacating.pdf","https://raw.githubusercontent.com/ck999kk/All_Events/3d5af32eed007ba3a748d8f198bd42fbd221a6e7/250711-sylvia-to-podjana-vacating.pdf"
"EVID-129","250714 - VCAT Application R202518214_00 Challenge to Notice to Vacate - CAAV=8vtAn--H5Sf-Oz0_-VY=XyMrK-4ysX7wEa_4SvsU0F7VxA@mail.gmail.com.pdf","https://raw.githubusercontent.com/ck999kk/All_Events/3d5af32eed007ba3a748d8f198bd42fbd221a6e7/250714%20-%20VCAT%20Application%20R202518214_00%20%20Challenge%20to%20Notice%20to%20Vacate%20-%20CAAV=8vtAn--H5Sf-Oz0_-VY=XyMrK-4ysX7wEa_4SvsU0F7VxA@mail.gmail.com.pdf"
"EVID-130","250714 - VCAT RDRV account email verification code - 6873ef03.050a0220.869ff.fc65SMTPIN_ADDED_BROKEN@mx.google.com.pdf","https://raw.githubusercontent.com/ck999kk/All_Events/3d5af32eed007ba3a748d8f198bd42fbd221a6e7/250714%20-%20VCAT%20RDRV%20account%20email%20verification%20code%20-%206873ef03.050a0220.869ff.fc65SMTPIN_ADDED_BROKEN@mx.google.com.pdf"
"EVID-131","250714 - VCAT Residential Tenancies Hub - Please confirm your registration - 10561684.1141752435296565.JavaMail.SVC-VCAT-GuardianPrd@P03464.pdf","https://raw.githubusercontent.com/ck999kk/All_Events/3d5af32eed007ba3a748d8f198bd42fbd221a6e7/250714%20-%20VCAT%20Residential%20Tenancies%20Hub%20-%20Please%20confirm%20your%20registration%20-%2010561684.1141752435296565.JavaMail.SVC-VCAT-GuardianPrd@P03464.pdf"
"EVID-132","250714 - VCAT has opened a case R202518214_00 about 243 Franklin St, Unit1803, MELBOURNE, VIC, 3000 - 2146321657.11649.1752478440219@P03465.dojvic.justice.vic.gov.au.pdf","https://raw.githubusercontent.com/ck999kk/All_Events/3d5af32eed007ba3a748d8f198bd42fbd221a6e7/250714%20-%20VCAT%20has%20opened%20a%20case%20R202518214_00%20about%20%20243%20Franklin%20St%2C%20Unit1803%2C%20MELBOURNE%2C%20VIC%2C%203000%20-%202146321657.11649.1752478440219%40P03465.dojvic.justice.vic.gov.au.pdf"
"EVID-133","250714 - You have reached us outside of business hours - eQKE-KQ_TvmrGJFqNerSVQ@geopod-ismtpd-15.pdf","https://raw.githubusercontent.com/ck999kk/All_Events/3d5af32eed007ba3a748d8f198bd42fbd221a6e7/250714%20-%20You%20have%20reached%20us%20outside%20of%20business%20hours%20-%20eQKE-KQ_TvmrGJFqNerSVQ@geopod-ismtpd-15.pdf"
"EVID-134","250714-VCAT Application R202518214-00 – Notice to Vacate Challenge.pdf","https://raw.githubusercontent.com/ck999kk/All_Events/3d5af32eed007ba3a748d8f198bd42fbd221a6e7/250714-VCAT%20Application%20R202518214-00%20%E2%80%93%20Notice%20to%20Vacate%20Challenge.pdf"
"EVID-135","250714-vcat-application-fee.pdf","https://raw.githubusercontent.com/ck999kk/All_Events/3d5af32eed007ba3a748d8f198bd42fbd221a6e7/250714-vcat-application-fee.pdf"
"EVID-136","250715 - Automated response - VCAT Residential Tenancies - d8e33454ee1a42b28fe50b7978250c41@SYAPR01MB2544.ausprd01.prod.outlook.com.pdf","https://raw.githubusercontent.com/ck999kk/All_Events/3d5af32eed007ba3a748d8f198bd42fbd221a6e7/250715%20-%20Automated%20response%20-%20VCAT%20Residential%20Tenancies%20-%20d8e33454ee1a42b28fe50b7978250c41@SYAPR01MB2544.ausprd01.prod.outlook.com.pdf"
"EVID-137","250715 - Automated response - VCAT Residential Tenancies - dd618c0bf0df4ab490c20715c4e35776@SYAPR01MB2544.ausprd01.prod.outlook.com.pdf","https://raw.githubusercontent.com/ck999kk/All_Events/3d5af32eed007ba3a748d8f198bd42fbd221a6e7/250715%20-%20Automated%20response%20-%20VCAT%20Residential%20Tenancies%20-%20dd618c0bf0df4ab490c20715c4e35776@SYAPR01MB2544.ausprd01.prod.outlook.com.pdf"
"EVID-138","250715 - Fwd_ VCAT Application R202518214_00 Challenge to Notice to Vacate - CAAV=8vvztDLWS+Bg=Es0fJttbtsjFREbC4GQ=NJk7sYiPMRMtA@mail.gmail.com.pdf","https://raw.githubusercontent.com/ck999kk/All_Events/3d5af32eed007ba3a748d8f198bd42fbd221a6e7/250715%20-%20Fwd_%20VCAT%20Application%20R202518214_00%20%20Challenge%20to%20Notice%20to%20Vacate%20-%20CAAV=8vvztDLWS%2BBg=Es0fJttbtsjFREbC4GQ=NJk7sYiPMRMtA@mail.gmail.com.pdf"
"EVID-139","250715 - Re_ Your VCAT application_ more information needed- VCAT reference_ R202518214 - CAAV=8vt7RDekoOznVjEh_HSrTmBXTUsJU9h9YJV4gGeRvYBqBg@mail.gmail.com.pdf","https://raw.githubusercontent.com/ck999kk/All_Events/3d5af32eed007ba3a748d8f198bd42fbd221a6e7/250715%20-%20Re_%20Your%20VCAT%20application_%20more%20information%20needed-%20VCAT%20reference_%20R202518214%20-%20CAAV=8vt7RDekoOznVjEh_HSrTmBXTUsJU9h9YJV4gGeRvYBqBg@mail.gmail.com.pdf"
"EVID-140","250715 - VCAT RDRV account email verification code - 68752515.050a0220.3bf39c.b438SMTPIN_ADDED_BROKEN@mx.google.com.pdf","https://raw.githubusercontent.com/ck999kk/All_Events/3d5af32eed007ba3a748d8f198bd42fbd221a6e7/250715%20-%20VCAT%20RDRV%20account%20email%20verification%20code%20-%2068752515.050a0220.3bf39c.b438SMTPIN_ADDED_BROKEN@mx.google.com.pdf"
"EVID-141","250715 - Your VCAT application_ more information needed- VCAT reference_ R202518214 - SYAPR01MB2544CA2C902FB8B99013A09EA357A@SYAPR01MB2544.ausprd01.prod.outlook.com.pdf","https://raw.githubusercontent.com/ck999kk/All_Events/3d5af32eed007ba3a748d8f198bd42fbd221a6e7/250715%20-%20Your%20VCAT%20application_%20more%20information%20needed-%20VCAT%20reference_%20R202518214%20-%20SYAPR01MB2544CA2C902FB8B99013A09EA357A@SYAPR01MB2544.ausprd01.prod.outlook.com.pdf"
"EVID-142","250715-VCAT Application R202518214_00 – Notice to Vacate Challenge.pdf","https://raw.githubusercontent.com/ck999kk/All_Events/3d5af32eed007ba3a748d8f198bd42fbd221a6e7/250715-VCAT%20Application%20R202518214_00%20%E2%80%93%20Notice%20to%20Vacate%20Challenge.pdf"
"EVID-143","250717 - VCAT RDRV account email verification code - 6878e59e.050a0220.24d944.5720SMTPIN_ADDED_BROKEN@mx.google.com.pdf","https://raw.githubusercontent.com/ck999kk/All_Events/3d5af32eed007ba3a748d8f198bd42fbd221a6e7/250717%20-%20VCAT%20RDRV%20account%20email%20verification%20code%20-%206878e59e.050a0220.24d944.5720SMTPIN_ADDED_BROKEN@mx.google.com.pdf"
"EVID-144","250721 - VCAT Application Possession of Property (Ref_ R202518589_00) - hIoXF-zUSZKlbr8YXGcelg@geopod-ismtpd-3.pdf","https://raw.githubusercontent.com/ck999kk/All_Events/3d5af32eed007ba3a748d8f198bd42fbd221a6e7/250721%20-%20VCAT%20Application%20%20Possession%20of%20Property%20(Ref_%20R202518589_00)%20-%20hIoXF-zUSZKlbr8YXGcelg@geopod-ismtpd-3.pdf"
"EVID-145","250721 - VCAT has opened a case R202518589_00 about 1803_243 Franklin Street, MELBOURNE, VIC, 3000 - 856780728.23503.1753079881062@P03465.dojvic.justice.vic.gov.au.pdf","https://raw.githubusercontent.com/ck999kk/All_Events/3d5af32eed007ba3a748d8f198bd42fbd221a6e7/250721%20-%20VCAT%20has%20opened%20a%20case%20R202518589_00%20about%20%201803_243%20Franklin%20Street%2C%20MELBOURNE%2C%20VIC%2C%203000%20-%20856780728.23503.1753079881062%40P03465.dojvic.justice.vic.gov.au.pdf"
"EVID-146","250721-VCAT APPLICATION - POSSESSION.pdf","https://raw.githubusercontent.com/ck999kk/All_Events/3d5af32eed007ba3a748d8f198bd42fbd221a6e7/250721-VCAT%20APPLICATION%20-%20POSSESSION.pdf"
"EVID-147","250722 - Hearing scheduled for R202518589_00 1803_243 Franklin Street, MELBOURNE, VIC, 3000 - 1299007298.765.1753163281348@P03465.dojvic.justice.vic.gov.au.pdf","https://raw.githubusercontent.com/ck999kk/All_Events/3d5af32eed007ba3a748d8f198bd42fbd221a6e7/250722%20-%20Hearing%20scheduled%20for%20R202518589_00%201803_243%20Franklin%20Street%2C%20MELBOURNE%2C%20VIC%2C%203000%20-%201299007298.765.1753163281348%40P03465.dojvic.justice.vic.gov.au.pdf"
"EVID-148","250722 - Re_ VCAT Application R202518214_00 Challenge to Notice to Vacate - G7typ2VnQfuqdtQgM6bQWQ@geopod-ismtpd-14.pdf","https://raw.githubusercontent.com/ck999kk/All_Events/3d5af32eed007ba3a748d8f198bd42fbd221a6e7/250722%20-%20Re_%20VCAT%20Application%20R202518214_00%20%20Challenge%20to%20Notice%20to%20Vacate%20-%20G7typ2VnQfuqdtQgM6bQWQ@geopod-ismtpd-14.pdf"
"EVID-149","250722 - VCAT order made about R202518214_00 243 Franklin St, Unit1803, MELBOURNE, VIC, 3000 - 1206100674.24049.1753137910788@P03465.dojvic.justice.vic.gov.au.pdf","https://raw.githubusercontent.com/ck999kk/All_Events/3d5af32eed007ba3a748d8f198bd42fbd221a6e7/250722%20-%20VCAT%20order%20made%20about%20R202518214_00%20243%20Franklin%20St%2C%20Unit1803%2C%20MELBOURNE%2C%20VIC%2C%203000%20-%201206100674.24049.1753137910788%40P03465.dojvic.justice.vic.gov.au.pdf"
"EVID-150","250722-order_194615752283.pdf","https://raw.githubusercontent.com/ck999kk/All_Events/3d5af32eed007ba3a748d8f198bd42fbd221a6e7/250722-order_194615752283.pdf"
"EVID-151","250723 - VCAT RDRV account email verification code - 68807ed3.250a0220.217caa.9cd6SMTPIN_ADDED_BROKEN@mx.google.com.pdf","https://raw.githubusercontent.com/ck999kk/All_Events/3d5af32eed007ba3a748d8f198bd42fbd221a6e7/250723%20-%20VCAT%20RDRV%20account%20email%20verification%20code%20-%2068807ed3.250a0220.217caa.9cd6SMTPIN_ADDED_BROKEN@mx.google.com.pdf"
"EVID-152","250723 - VCAT RDRV account email verification code - 68807ed3.250a0220.27fbf3.6f8dSMTPIN_ADDED_BROKEN@mx.google.com.pdf","https://raw.githubusercontent.com/ck999kk/All_Events/3d5af32eed007ba3a748d8f198bd42fbd221a6e7/250723%20-%20VCAT%20RDRV%20account%20email%20verification%20code%20-%2068807ed3.250a0220.27fbf3.6f8dSMTPIN_ADDED_BROKEN@mx.google.com.pdf"
"EVID-153","250723 - VCAT RDRV account email verification code - 68807ee7.050a0220.1c346d.5772SMTPIN_ADDED_BROKEN@mx.google.com.pdf","https://raw.githubusercontent.com/ck999kk/All_Events/3d5af32eed007ba3a748d8f198bd42fbd221a6e7/250723%20-%20VCAT%20RDRV%20account%20email%20verification%20code%20-%2068807ee7.050a0220.1c346d.5772SMTPIN_ADDED_BROKEN@mx.google.com.pdf"
"EVID-154","250723 - VCAT order made about R202518589_00 1803_243 Franklin Street, MELBOURNE, VIC, 3000 - 1156002951.2709.1753224327078@P03465.dojvic.justice.vic.gov.au.pdf","https://raw.githubusercontent.com/ck999kk/All_Events/3d5af32eed007ba3a748d8f198bd42fbd221a6e7/250723%20-%20VCAT%20order%20made%20about%20R202518589_00%201803_243%20Franklin%20Street%2C%20MELBOURNE%2C%20VIC%2C%203000%20-%201156002951.2709.1753224327078%40P03465.dojvic.justice.vic.gov.au.pdf"
"EVID-155","250724 - VCAT evidence link R202518589 about 1803_243 Franklin Street, MELBOURNE, VIC, 3000 - SY7PR01MB83498DDC1220D44EBAA28BC28C5FA@SY7PR01MB8349.ausprd01.prod.outlook.com.pdf","https://raw.githubusercontent.com/ck999kk/All_Events/3d5af32eed007ba3a748d8f198bd42fbd221a6e7/250724%20-%20VCAT%20evidence%20link%20R202518589%20about%201803_243%20Franklin%20Street%2C%20MELBOURNE%2C%20VIC%2C%203000%20-%20SY7PR01MB83498DDC1220D44EBAA28BC28C5FA%40SY7PR01MB8349.ausprd01.prod.outlook.com.pdf"
"EVID-156","250725 - Receipt of payment for 1803_243 Franklin Street, Melbourne VIC 3000 - aDfCZq7LRBeV4zXEbE4NWg@geopod-ismtpd-2.pdf","https://raw.githubusercontent.com/ck999kk/All_Events/3d5af32eed007ba3a748d8f198bd42fbd221a6e7/250725%20-%20Receipt%20of%20payment%20for%201803_243%20Franklin%20Street%2C%20Melbourne%20VIC%203000%20-%20aDfCZq7LRBeV4zXEbE4NWg%40geopod-ismtpd-2.pdf"
"EVID-157","250725-Receipt # 91716.pdf","https://raw.githubusercontent.com/ck999kk/All_Events/3d5af32eed007ba3a748d8f198bd42fbd221a6e7/250725-Receipt%20%23%2091716.pdf"
"EVID-158","250801 - Areal monthly after-hours trades list update - XHMDU5k9R_KzLk9rNyLXtg@geopod-ismtpd-16.pdf","https://raw.githubusercontent.com/ck999kk/All_Events/3d5af32eed007ba3a748d8f198bd42fbd221a6e7/250801%20-%20Areal%20monthly%20after-hours%20trades%20list%20update%20-%20XHMDU5k9R_KzLk9rNyLXtg@geopod-ismtpd-16.pdf"
"EVID-159","250808 - Hearing reminder for 1803_243 Franklin Street, MELBOURNE, VIC, 3000 R202518589_00 - 563040061.20417.1754658014190@P03465.dojvic.justice.vic.gov.au.pdf","https://raw.githubusercontent.com/ck999kk/All_Events/3d5af32eed007ba3a748d8f198bd42fbd221a6e7/250808%20-%20Hearing%20reminder%20for%201803_243%20Franklin%20Street%2C%20MELBOURNE%2C%20VIC%2C%203000%20R202518589_00%20-%20563040061.20417.1754658014190%40P03465.dojvic.justice.vic.gov.au.pdf"
"EVID-160","250812 - R202518589_00 - Summary of Proof - SYBPR01MB59524649299D4C2B91833C1DD12BA@SYBPR01MB5952.ausprd01.prod.outlook.com.pdf","https://raw.githubusercontent.com/ck999kk/All_Events/3d5af32eed007ba3a748d8f198bd42fbd221a6e7/250812%20-%20R202518589_00%20-%20Summary%20of%20Proof%20-%20SYBPR01MB59524649299D4C2B91833C1DD12BA@SYBPR01MB5952.ausprd01.prod.outlook.com.pdf"
"EVID-161","250812 - Re_ R202518589_00 - Summary of Proof - CAAV=8vu9RA730o2oDbP80ugPsDbbF3CEUxc0v4uC6SRiQuJomw@mail.gmail.com.pdf","https://raw.githubusercontent.com/ck999kk/All_Events/3d5af32eed007ba3a748d8f198bd42fbd221a6e7/250812%20-%20Re_%20R202518589_00%20-%20Summary%20of%20Proof%20-%20CAAV=8vu9RA730o2oDbP80ugPsDbbF3CEUxc0v4uC6SRiQuJomw@mail.gmail.com.pdf"
"EVID-162","250812-VCAT R202518589.00 Summary of proof.pdf","https://raw.githubusercontent.com/ck999kk/All_Events/3d5af32eed007ba3a748d8f198bd42fbd221a6e7/250812-VCAT%20R202518589.00%20Summary%20of%20proof.pdf"
"EVID-163","250815 - VCAT order made about R202518589_00 1803_243 Franklin Street, MELBOURNE, VIC, 3000 - 231605517.30985.1755211520747@P03465.dojvic.justice.vic.gov.au.pdf","https://raw.githubusercontent.com/ck999kk/All_Events/3d5af32eed007ba3a748d8f198bd42fbd221a6e7/250815%20-%20VCAT%20order%20made%20about%20R202518589_00%201803_243%20Franklin%20Street%2C%20MELBOURNE%2C%20VIC%2C%203000%20-%20231605517.30985.1755211520747%40P03465.dojvic.justice.vic.gov.au.pdf"
"EVID-164","250817 - Without Prejudice Franklin 1803_ Settlement Terms (VCAT R2025_18589_00) - CAAV=8vudaEJRTaAbGUkPp40NVe4bniaN-Kvh54vdfN5bhb1wxQ@mail.gmail.com.pdf","https://raw.githubusercontent.com/ck999kk/All_Events/3d5af32eed007ba3a748d8f198bd42fbd221a6e7/250817%20-%20%20Without%20Prejudice%20%20Franklin%201803_%20Settlement%20Terms%20(VCAT%20R2025_18589_00)%20-%20CAAV=8vudaEJRTaAbGUkPp40NVe4bniaN-Kvh54vdfN5bhb1wxQ@mail.gmail.com.pdf"
"EVID-165","250817-Notice to vacate - 1803-243 Franklin Street, Melbourne VIC 3000.pdf","https://raw.githubusercontent.com/ck999kk/All_Events/3d5af32eed007ba3a748d8f198bd42fbd221a6e7/250817-Notice%20to%20vacate%20-%201803-243%20Franklin%20Street%2C%20Melbourne%20VIC%203000.pdf"
"EVID-166","250817-order_194930558979.pdf (SECURED).pdf","https://raw.githubusercontent.com/ck999kk/All_Events/3d5af32eed007ba3a748d8f198bd42fbd221a6e7/250817-order_194930558979.pdf%20(SECURED).pdf"
"EVID-167","250819 - Re_ Without Prejudice Franklin 1803_ Settlement Terms (VCAT R2025_18589_00) - SYAPR01MB25435B810DEA9ECDB8A81735D630A@SYAPR01MB2543.ausprd01.prod.outlook.com.pdf","https://raw.githubusercontent.com/ck999kk/All_Events/3d5af32eed007ba3a748d8f198bd42fbd221a6e7/250819%20-%20Re_%20Without%20Prejudice%20%20Franklin%201803_%20Settlement%20Terms%20(VCAT%20R2025_18589_00)%20-%20SYAPR01MB25435B810DEA9ECDB8A81735D630A@SYAPR01MB2543.ausprd01.prod.outlook.com.pdf"
"EVID-168","250822 - 1803_243 Franklin Street, Melbourne VIC 3000 - Notice of Entry - SYBPR01MB59527B27EBCB0DEE0B4668B2D13DA@SYBPR01MB5952.ausprd01.prod.outlook.com.pdf","https://raw.githubusercontent.com/ck999kk/All_Events/3d5af32eed007ba3a748d8f198bd42fbd221a6e7/250822%20-%201803_243%20Franklin%20Street%2C%20Melbourne%20VIC%203000%20-%20Notice%20of%20Entry%20-%20SYBPR01MB59527B27EBCB0DEE0B4668B2D13DA%40SYBPR01MB5952.ausprd01.prod.outlook.com.pdf"
"EVID-169","250822-FIXD investigation report.pdf","https://raw.githubusercontent.com/ck999kk/All_Events/3d5af32eed007ba3a748d8f198bd42fbd221a6e7/250822-FIXD%20investigation%20report.pdf"
"EVID-170","250822-Notice of Entry (combined).pdf","https://raw.githubusercontent.com/ck999kk/All_Events/3d5af32eed007ba3a748d8f198bd42fbd221a6e7/250822-Notice%20of%20Entry%20(combined).pdf"
"EVID-171","250822-Reg post receipt.pdf","https://raw.githubusercontent.com/ck999kk/All_Events/3d5af32eed007ba3a748d8f198bd42fbd221a6e7/250822-Reg%20post%20receipt.pdf"
"EVID-172","250827 - Receipt of payment for 1803_243 Franklin Street, Melbourne VIC 3000 - DfhRI_fjQZqttaagZO6CFA@geopod-ismtpd-canary-0.pdf","https://raw.githubusercontent.com/ck999kk/All_Events/3d5af32eed007ba3a748d8f198bd42fbd221a6e7/250827%20-%20Receipt%20of%20payment%20for%201803_243%20Franklin%20Street%2C%20Melbourne%20VIC%203000%20-%20DfhRI_fjQZqttaagZO6CFA%40geopod-ismtpd-canary-0.pdf"
"EVID-173","250827-Receipt # 92863.pdf","https://raw.githubusercontent.com/ck999kk/All_Events/3d5af32eed007ba3a748d8f198bd42fbd221a6e7/250827-Receipt%20%23%2092863.pdf"
"EVID-174","250828 - Re_ 1803_243 Franklin Street, Melbourne VIC 3000 - Notice of Entry - CAAV=8vuT9EGAE1-Vi9ce9691rvqzFrnnh3OC+VZPn_1FkY0G=Q@mail.gmail.com.pdf","https://raw.githubusercontent.com/ck999kk/All_Events/3d5af32eed007ba3a748d8f198bd42fbd221a6e7/250828%20-%20Re_%201803_243%20Franklin%20Street%2C%20Melbourne%20VIC%203000%20-%20Notice%20of%20Entry%20-%20CAAV%3D8vuT9EGAE1-Vi9ce9691rvqzFrnnh3OC%2BVZPn_1FkY0G%3DQ%40mail.gmail.com.pdf"
"EVID-175","250901 - Areal monthly after-hours trades list update - -WT58Zu6R6WQ1AbHy1IOZg@geopod-ismtpd-14.pdf","https://raw.githubusercontent.com/ck999kk/All_Events/3d5af32eed007ba3a748d8f198bd42fbd221a6e7/250901%20-%20Areal%20monthly%20after-hours%20trades%20list%20update%20-%20-WT58Zu6R6WQ1AbHy1IOZg@geopod-ismtpd-14.pdf"
"EVID-176","250901-Chawakorn KAMNUANSIL (2508 NEW ADIT) Warning Letter for Unsatisfactory Attendance - Weekly-13495-20250901-141103.pdf","https://raw.githubusercontent.com/ck999kk/All_Events/3d5af32eed007ba3a748d8f198bd42fbd221a6e7/250901-Chawakorn%20KAMNUANSIL%20(2508%20NEW%20ADIT)%20Warning%20Letter%20for%20Unsatisfactory%20Attendance%20-%20Weekly-13495-20250901-141103.pdf"
"EVID-177","250902 - Re_ 1803_243 Franklin Street, Melbourne VIC 3000 - Notice of Entry - SYBPR01MB5952D333273ECD4D79C06FE3D106A@SYBPR01MB5952.ausprd01.prod.outlook.com.pdf","https://raw.githubusercontent.com/ck999kk/All_Events/3d5af32eed007ba3a748d8f198bd42fbd221a6e7/250902%20-%20Re_%201803_243%20Franklin%20Street%2C%20Melbourne%20VIC%203000%20-%20Notice%20of%20Entry%20-%20SYBPR01MB5952D333273ECD4D79C06FE3D106A%40SYBPR01MB5952.ausprd01.prod.outlook.com.pdf"
"EVID-178","250904 - 1803_243 Franklin Street - Access & Co-Operation Required - lWEet43ETQCe5Cyy9e42HQ@geopod-ismtpd-9.pdf","https://raw.githubusercontent.com/ck999kk/All_Events/3d5af32eed007ba3a748d8f198bd42fbd221a6e7/250904%20-%201803_243%20Franklin%20Street%20-%20Access%20%26%20Co-Operation%20Required%20-%20lWEet43ETQCe5Cyy9e42HQ@geopod-ismtpd-9.pdf"
"EVID-179","250904 - Re_ 1803_243 Franklin Street - Access & Co-Operation Required - CAAV=8vs1YSGO-YrKqt=a2hdkWaLwfBQWZHM49R3tp_U-56s0Hg@mail.gmail.com.pdf","https://raw.githubusercontent.com/ck999kk/All_Events/3d5af32eed007ba3a748d8f198bd42fbd221a6e7/250904%20-%20Re_%201803_243%20Franklin%20Street%20-%20Access%20%26%20Co-Operation%20Required%20-%20CAAV=8vs1YSGO-YrKqt=a2hdkWaLwfBQWZHM49R3tp_U-56s0Hg@mail.gmail.com.pdf"
"EVID-180","250904 - Re_ 1803_243 Franklin Street - Access & Co-Operation Required - CAAV=8vt85yYVUnXZRwvqOE68ux9OrHWtbJ6TqeLaCsYoA4Jocg@mail.gmail.com.pdf","https://raw.githubusercontent.com/ck999kk/All_Events/3d5af32eed007ba3a748d8f198bd42fbd221a6e7/250904%20-%20Re_%201803_243%20Franklin%20Street%20-%20Access%20%26%20Co-Operation%20Required%20-%20CAAV=8vt85yYVUnXZRwvqOE68ux9OrHWtbJ6TqeLaCsYoA4Jocg@mail.gmail.com.pdf"
"EVID-181","250904 - You have reached us outside of business hours - TXglj8CYQQCgaF_kQv53gg@geopod-ismtpd-6.pdf","https://raw.githubusercontent.com/ck999kk/All_Events/3d5af32eed007ba3a748d8f198bd42fbd221a6e7/250904%20-%20You%20have%20reached%20us%20outside%20of%20business%20hours%20-%20TXglj8CYQQCgaF_kQv53gg@geopod-ismtpd-6.pdf"
"EVID-182","250905 - Re_ 1803_243 Franklin Street - Access & Co-Operation Required - 8NzWzf5DQaiYqDKczI8-vw@geopod-ismtpd-7.pdf","https://raw.githubusercontent.com/ck999kk/All_Events/3d5af32eed007ba3a748d8f198bd42fbd221a6e7/250905%20-%20Re_%201803_243%20Franklin%20Street%20-%20Access%20%26%20Co-Operation%20Required%20-%208NzWzf5DQaiYqDKczI8-vw@geopod-ismtpd-7.pdf"
"EVID-183","250905 - Re_ 1803_243 Franklin Street - Access & Co-Operation Required - CAAV=8vta56PNXu57Nc-_FOZVwX2F-Xcj7rD2FC-D+kVOaHuYDQ@mail.gmail.com.pdf","https://raw.githubusercontent.com/ck999kk/All_Events/3d5af32eed007ba3a748d8f198bd42fbd221a6e7/250905%20-%20Re_%201803_243%20Franklin%20Street%20-%20Access%20%26%20Co-Operation%20Required%20-%20CAAV=8vta56PNXu57Nc-_FOZVwX2F-Xcj7rD2FC-D%2BkVOaHuYDQ@mail.gmail.com.pdf"
"EVID-184","250905 - Re_ 1803_243 Franklin Street - Access & Co-Operation Required - GwvrtfU6QqaZU9vtkRhO8g@geopod-ismtpd-0.pdf","https://raw.githubusercontent.com/ck999kk/All_Events/3d5af32eed007ba3a748d8f198bd42fbd221a6e7/250905%20-%20Re_%201803_243%20Franklin%20Street%20-%20Access%20%26%20Co-Operation%20Required%20-%20GwvrtfU6QqaZU9vtkRhO8g@geopod-ismtpd-0.pdf"
"EVID-185","250905 - You have reached us outside of business hours - HVqvNBvTQ5uhLOmUnY2RBQ@geopod-ismtpd-0.pdf","https://raw.githubusercontent.com/ck999kk/All_Events/3d5af32eed007ba3a748d8f198bd42fbd221a6e7/250905%20-%20You%20have%20reached%20us%20outside%20of%20business%20hours%20-%20HVqvNBvTQ5uhLOmUnY2RBQ@geopod-ismtpd-0.pdf"
"EVID-186","250909 - Re_ 1803_243 Franklin Street - Access & Co-Operation Required - BeZIoA-WRBe2bEA-dE9P_A@geopod-ismtpd-3.pdf","https://raw.githubusercontent.com/ck999kk/All_Events/3d5af32eed007ba3a748d8f198bd42fbd221a6e7/250909%20-%20Re_%201803_243%20Franklin%20Street%20-%20Access%20%26%20Co-Operation%20Required%20-%20BeZIoA-WRBe2bEA-dE9P_A@geopod-ismtpd-3.pdf"
"EVID-187","250909-Notice to Entry (17 - 22 Sep).pdf","https://raw.githubusercontent.com/ck999kk/All_Events/3d5af32eed007ba3a748d8f198bd42fbd221a6e7/250909-Notice%20to%20Entry%20(17%20-%2022%20Sep).pdf"
"EVID-188","250909-Registered post receipt.pdf","https://raw.githubusercontent.com/ck999kk/All_Events/3d5af32eed007ba3a748d8f198bd42fbd221a6e7/250909-Registered%20post%20receipt.pdf"
"EVID-189","250915-Chawakorn KAMNUANSIL (2508 NEW ADIT) Warning Letter for Unsatisfactory Attendance - Weekly-13495-20250915-174434.pdf","https://raw.githubusercontent.com/ck999kk/All_Events/3d5af32eed007ba3a748d8f198bd42fbd221a6e7/250915-Chawakorn%20KAMNUANSIL%20(2508%20NEW%20ADIT)%20Warning%20Letter%20for%20Unsatisfactory%20Attendance%20-%20Weekly-13495-20250915-174434.pdf"
"EVID-190","250916 - Re_ 1803_243 Franklin Street - Access & Co-Operation Required - CAAV=8vtDtqu-AWt=1+rRpy5d9nwp=X2jr=BOq7+co--ou_EpJQ@mail.gmail.com.pdf","https://raw.githubusercontent.com/ck999kk/All_Events/3d5af32eed007ba3a748d8f198bd42fbd221a6e7/250916%20-%20Re_%201803_243%20Franklin%20Street%20-%20Access%20%26%20Co-Operation%20Required%20-%20CAAV=8vtDtqu-AWt=1%2BrRpy5d9nwp=X2jr=BOq7%2Bco--ou_EpJQ@mail.gmail.com.pdf"
"EVID-191","250916 - You have reached us outside of business hours - P1KBp5NfQhuBU1qho8wzuw@geopod-ismtpd-1.pdf","https://raw.githubusercontent.com/ck999kk/All_Events/3d5af32eed007ba3a748d8f198bd42fbd221a6e7/250916%20-%20You%20have%20reached%20us%20outside%20of%20business%20hours%20-%20P1KBp5NfQhuBU1qho8wzuw@geopod-ismtpd-1.pdf"
"EVID-192","250917-liam-voicemail.pdf","https://raw.githubusercontent.com/ck999kk/All_Events/3d5af32eed007ba3a748d8f198bd42fbd221a6e7/250917-liam-voicemail.pdf"
"EVID-193","250917-sms-to-liam-re-property-access.pdf","https://raw.githubusercontent.com/ck999kk/All_Events/3d5af32eed007ba3a748d8f198bd42fbd221a6e7/250917-sms-to-liam-re-property-access.pdf"
"EVID-194","250930 - Receipt of payment for 1803_243 Franklin Street, Melbourne VIC 3000 - zs6ltfuRRbS9TA-q_-LKCA@geopod-ismtpd-7.pdf","https://raw.githubusercontent.com/ck999kk/All_Events/3d5af32eed007ba3a748d8f198bd42fbd221a6e7/250930%20-%20Receipt%20of%20payment%20for%201803_243%20Franklin%20Street%2C%20Melbourne%20VIC%203000%20-%20zs6ltfuRRbS9TA-q_-LKCA%40geopod-ismtpd-7.pdf"
"EVID-195","250930-Receipt # 94202.pdf","https://raw.githubusercontent.com/ck999kk/All_Events/3d5af32eed007ba3a748d8f198bd42fbd221a6e7/250930-Receipt%20%23%2094202.pdf"
"EVID-196","251002 - Areal monthly after-hours trades list update - NdGVaaQRTpyJ7ifzkQj2pA@geopod-ismtpd-8.pdf","https://raw.githubusercontent.com/ck999kk/All_Events/3d5af32eed007ba3a748d8f198bd42fbd221a6e7/251002%20-%20Areal%20monthly%20after-hours%20trades%20list%20update%20-%20NdGVaaQRTpyJ7ifzkQj2pA@geopod-ismtpd-8.pdf"
"EVID-197","251014-school-reassessment-request.pdf","https://raw.githubusercontent.com/ck999kk/All_Events/3d5af32eed007ba3a748d8f198bd42fbd221a6e7/251014-school-reassessment-request.pdf"
"EVID-198","251020 - Courtesy Reminder_ Upcoming Rent Payment for 1803_243 Franklin Street, Melbourne VIC 3000 - S9zQDnzXQdaYuqXtfFPJuw@geopod-ismtpd-2.pdf","https://raw.githubusercontent.com/ck999kk/All_Events/3d5af32eed007ba3a748d8f198bd42fbd221a6e7/251020%20-%20Courtesy%20Reminder_%20Upcoming%20Rent%20Payment%20for%201803_243%20Franklin%20Street%2C%20Melbourne%20VIC%203000%20-%20S9zQDnzXQdaYuqXtfFPJuw%40geopod-ismtpd-2.pdf"
"EVID-199","251020-Rent Invoice #009872.pdf","https://raw.githubusercontent.com/ck999kk/All_Events/3d5af32eed007ba3a748d8f198bd42fbd221a6e7/251020-Rent%20Invoice%20%23009872.pdf"
"EVID-200","251028 - Receipt of payment for 1803_243 Franklin Street, Melbourne VIC 3000 - FVsaqS0cShiZcJE6Om5syQ@geopod-ismtpd-10.pdf","https://raw.githubusercontent.com/ck999kk/All_Events/3d5af32eed007ba3a748d8f198bd42fbd221a6e7/251028%20-%20Receipt%20of%20payment%20for%201803_243%20Franklin%20Street%2C%20Melbourne%20VIC%203000%20-%20FVsaqS0cShiZcJE6Om5syQ%40geopod-ismtpd-10.pdf"
"EVID-201","251028-Receipt # 95582.pdf","https://raw.githubusercontent.com/ck999kk/All_Events/3d5af32eed007ba3a748d8f198bd42fbd221a6e7/251028-Receipt%20%23%2095582.pdf"
